1/01/16,0,0,0,4199.86,January,Friday,1,0,0,66
2/01/16,0,0,0,14768.2,January,Saturday,1,0,0,84
3/01/16,0,0,0,11019.79,January,Sunday,1,0,0,78
4/01/16,0,0,0,3358.3,January,Monday,1,0,0,70
5/01/16,0,0,0,5207.19,January,Tuesday,1,0,0,73
6/01/16,0,0,0,3962.76,January,Wednesday,1,0,0,67
7/01/16,0,0,0,17285.34,January,Thursday,1,0,0,85
8/01/16,0,0,0,9240.81,January,Friday,1,0,0,78
9/01/16,0,0,0,9867.54,January,Saturday,1,0,0,80
10/01/16,0,0,0,11428.29,January,Sunday,1,0,0,87
11/01/16,0,0,0,347.11,January,Monday,1,0,0,68
12/01/16,0,0,0,14632.46,January,Tuesday,1,0,0,83
13/01/16,0,0,0,1104.45,January,Wednesday,1,0,0,62
14/01/16,1,0,0,12850.14,January,Thursday,1,0,0,94
15/01/16,0,0,0,6480.33,January,Friday,1,0,0,73
16/01/16,0,0,0,8831.35,January,Saturday,1,0,0,74
17/01/16,0,0,0,1738.86,January,Sunday,1,0,0,67
18/01/16,0,0,0,10638.68,January,Monday,1,0,0,73
19/01/16,0,0,0,23985.07,January,Tuesday,1,0,0,103
20/01/16,0,0,0,2481.25,January,Wednesday,1,0,0,75
21/01/16,1,0,0,9685.92,January,Thursday,1,0,0,98
22/01/16,0,0,0,13435.52,January,Friday,1,0,0,91
23/01/16,0,0,0,8516.9,January,Saturday,1,0,0,78
24/01/16,0,0,0,2072.31,January,Sunday,1,0,0,71
25/01/16,0,0,0,12663.34,January,Monday,1,0,0,83
26/01/16,0,0,0,22911.11,January,Tuesday,1,0,0,98
27/01/16,0,0,0,786.84,January,Wednesday,1,0,0,70
28/01/16,0,0,0,18834.37,January,Thursday,1,0,0,95
29/01/16,0,0,0,2694.83,January,Friday,1,0,0,72
30/01/16,0,0,0,21283.34,January,Saturday,1,0,0,90
31/01/16,0,0,0,8878.35,January,Sunday,1,0,0,93
1/02/16,0,0,0,7514.73,February,Monday,1,0,0,86
2/02/16,0,0,0,9268.8,February,Tuesday,1,0,0,78
3/02/16,0,0,0,183.3,February,Wednesday,1,0,0,67
4/02/16,0,0,0,4463.0,February,Thursday,1,0,0,71
5/02/16,0,0,0,7501.15,February,Friday,1,0,0,69
6/02/16,0,0,0,3128.48,February,Saturday,1,0,0,68
7/02/16,0,0,0,1498.02,February,Sunday,1,0,0,62
8/02/16,0,0,0,8631.75,February,Monday,1,0,0,72
9/02/16,0,0,0,6520.23,February,Tuesday,1,0,0,69
10/02/16,0,0,0,4310.79,February,Wednesday,1,0,0,67
11/02/16,0,0,0,8496.27,February,Thursday,1,0,0,77
12/02/16,0,0,0,1482.78,February,Friday,1,0,0,64
13/02/16,0,0,0,8415.16,February,Saturday,1,0,0,76
14/02/16,0,1,0,3290.13,February,Sunday,1,0,0,43
15/02/16,0,0,0,1958.71,February,Monday,1,0,0,64
16/02/16,0,0,0,4701.75,February,Tuesday,1,0,0,70
17/02/16,0,0,0,25520.94,February,Wednesday,1,0,0,97
18/02/16,0,0,0,5993.72,February,Thursday,1,0,0,80
19/02/16,0,0,0,19281.26,February,Friday,1,0,0,101
20/02/16,0,0,0,3130.51,February,Saturday,1,0,0,81
21/02/16,0,0,0,8757.85,February,Sunday,1,0,0,76
22/02/16,0,0,0,15346.4,February,Monday,1,0,0,92
23/02/16,0,0,0,5139.93,February,Tuesday,1,0,0,79
24/02/16,0,0,0,8423.74,February,Wednesday,1,0,0,78
25/02/16,1,0,0,642.63,February,Thursday,1,0,0,78
26/02/16,0,0,0,4178.69,February,Friday,1,0,0,65
27/02/16,0,0,0,936.94,February,Saturday,1,0,0,57
28/02/16,0,0,0,15166.76,February,Sunday,1,0,0,82
29/02/16,0,0,0,15976.73,February,Monday,1,0,0,91
1/03/16,0,0,0,4362.98,March,Tuesday,1,0,0,71
2/03/16,0,0,0,8605.04,March,Wednesday,1,0,0,81
3/03/16,0,0,0,7237.92,March,Thursday,1,0,0,77
4/03/16,0,0,0,767.05,March,Friday,1,0,0,66
5/03/16,0,0,0,13787.45,March,Saturday,1,0,0,80
6/03/16,0,0,0,12122.43,March,Sunday,1,0,0,81
7/03/16,0,0,0,2524.15,March,Monday,1,0,0,70
8/03/16,0,0,0,4821.08,March,Tuesday,1,0,0,70
9/03/16,0,0,0,6962.78,March,Wednesday,1,0,0,74
10/03/16,0,0,0,17139.97,March,Thursday,1,0,0,88
11/03/16,0,0,0,288.41,March,Friday,1,0,0,65
12/03/16,0,0,0,3544.06,March,Saturday,1,0,0,68
13/03/16,0,0,0,4673.31,March,Sunday,1,0,0,65
14/03/16,0,0,0,7346.5,March,Monday,1,0,0,70
15/03/16,0,0,0,9281.53,March,Tuesday,1,0,0,78
16/03/16,0,0,0,24722.19,March,Wednesday,1,0,0,102
17/03/16,0,0,0,2530.54,March,Thursday,1,0,0,81
18/03/16,0,0,0,11513.76,March,Friday,1,0,0,88
19/03/16,1,0,0,26179.31,March,Saturday,1,0,0,120
20/03/16,0,0,0,2094.68,March,Sunday,1,0,0,78
21/03/16,0,0,0,5468.15,March,Monday,1,0,0,76
22/03/16,0,0,0,14067.44,March,Tuesday,1,0,0,89
23/03/16,0,0,0,1798.81,March,Wednesday,1,0,0,69
24/03/16,0,0,0,1722.02,March,Thursday,1,0,0,62
25/03/16,0,0,0,5618.63,March,Friday,1,0,0,73
26/03/16,0,1,0,15666.78,March,Saturday,1,0,0,61
27/03/16,1,0,0,11906.7,March,Sunday,1,0,0,95
28/03/16,0,0,0,6748.22,March,Monday,1,0,0,77
29/03/16,0,0,0,1830.7,March,Tuesday,1,0,0,76
30/03/16,0,0,0,2682.12,March,Wednesday,1,0,0,67
31/03/16,0,0,0,9151.79,March,Thursday,1,0,0,77
1/04/16,0,0,0,5796.07,April,Friday,1,0,0,68
2/04/16,0,0,0,4303.85,April,Saturday,1,0,0,65
3/04/16,0,0,0,7130.22,April,Sunday,1,0,0,70
4/04/16,0,0,0,3635.78,April,Monday,1,0,0,69
5/04/16,0,0,0,3399.89,April,Tuesday,1,0,0,65
6/04/16,0,0,0,3029.61,April,Wednesday,1,0,0,58
7/04/16,0,0,0,1016.59,April,Thursday,1,0,0,61
8/04/16,0,0,0,8392.17,April,Friday,1,0,0,68
9/04/16,0,0,0,11015.23,April,Saturday,1,0,0,81
10/04/16,0,0,0,3025.88,April,Sunday,1,0,0,68
11/04/16,0,0,0,5297.69,April,Monday,1,0,0,69
12/04/16,0,0,0,14483.69,April,Tuesday,1,0,0,78
13/04/16,0,0,0,1634.5,April,Wednesday,1,0,0,68
14/04/16,0,0,0,3156.88,April,Thursday,1,0,0,69
15/04/16,0,0,0,13238.01,April,Friday,1,0,0,78
16/04/16,0,0,0,10163.3,April,Saturday,1,0,0,78
17/04/16,0,0,0,9357.42,April,Sunday,1,0,0,82
18/04/16,0,0,0,12984.45,April,Monday,1,0,0,85
19/04/16,0,0,0,18554.66,April,Tuesday,1,0,0,99
20/04/16,0,0,0,174.21,April,Wednesday,1,0,0,73
21/04/16,0,0,0,7451.94,April,Thursday,1,0,0,80
22/04/16,0,0,0,9370.57,April,Friday,1,0,0,80
23/04/16,0,0,0,12229.04,April,Saturday,1,0,0,77
24/04/16,0,0,0,9100.06,April,Sunday,1,0,0,80
25/04/16,0,0,0,743.84,April,Monday,1,0,0,65
26/04/16,0,0,0,15539.26,April,Tuesday,1,0,0,84
27/04/16,0,0,0,3992.27,April,Wednesday,1,0,0,72
28/04/16,0,0,0,3232.27,April,Thursday,1,0,0,66
29/04/16,0,0,0,31956.3,April,Friday,1,0,0,110
30/04/16,0,0,0,1758.16,April,Saturday,1,0,0,81
1/05/16,0,0,0,4621.28,May,Sunday,1,0,0,71
2/05/16,0,0,0,0.0,May,Monday,1,0,0,62
3/05/16,0,0,0,20952.51,May,Tuesday,1,0,0,85
4/05/16,0,0,0,6316.75,May,Wednesday,1,0,0,80
5/05/16,0,0,0,16654.67,May,Thursday,1,0,0,91
6/05/16,1,0,0,14626.52,May,Friday,1,0,0,107
7/05/16,0,0,0,6522.41,May,Saturday,1,0,0,76
8/05/16,0,0,0,13649.55,May,Sunday,1,0,0,84
9/05/16,0,0,0,2836.01,May,Monday,1,0,0,73
10/05/16,0,0,0,9730.39,May,Tuesday,1,0,0,72
11/05/16,0,0,0,11271.06,May,Wednesday,1,0,0,77
12/05/16,0,0,0,17067.78,May,Thursday,1,0,0,93
13/05/16,0,0,0,5530.93,May,Friday,1,0,0,76
14/05/16,0,0,0,9092.72,May,Saturday,1,0,0,83
15/05/16,0,0,0,488.11,May,Sunday,1,0,0,61
16/05/16,0,0,0,1975.46,May,Monday,1,0,0,63
17/05/16,0,0,0,1678.52,May,Tuesday,1,0,0,56
18/05/16,0,0,0,14050.32,May,Wednesday,1,0,0,77
19/05/16,0,0,0,1813.23,May,Thursday,1,0,0,64
20/05/16,0,0,0,2488.68,May,Friday,1,0,0,65
21/05/16,0,0,0,3475.51,May,Saturday,1,0,0,65
22/05/16,0,0,0,2556.18,May,Sunday,1,0,0,56
23/05/16,0,0,0,2271.73,May,Monday,1,0,0,62
24/05/16,0,0,0,2693.41,May,Tuesday,1,0,0,61
25/05/16,0,0,0,7209.09,May,Wednesday,1,0,0,62
26/05/16,0,0,0,7663.04,May,Thursday,1,0,0,69
27/05/16,0,0,0,18541.97,May,Friday,1,0,0,91
28/05/16,0,0,0,14700.26,May,Saturday,1,0,0,93
29/05/16,0,0,0,8128.91,May,Sunday,1,0,0,82
30/05/16,0,0,0,8522.5,May,Monday,1,0,0,87
31/05/16,0,0,0,10840.84,May,Tuesday,1,0,0,80
1/06/16,0,0,0,10065.81,June,Wednesday,1,0,0,84
2/06/16,0,0,0,4535.93,June,Thursday,1,0,0,76
3/06/16,0,0,0,11943.61,June,Friday,1,0,0,84
4/06/16,0,0,0,269.91,June,Saturday,1,0,0,67
5/06/16,0,0,0,3649.59,June,Sunday,1,0,0,70
6/06/16,0,0,0,8360.04,June,Monday,1,0,0,69
7/06/16,0,0,0,1374.27,June,Tuesday,1,0,0,70
8/06/16,0,0,0,8953.08,June,Wednesday,1,0,0,73
9/06/16,0,0,0,1745.92,June,Thursday,1,0,0,68
10/06/16,0,0,0,13627.38,June,Friday,1,0,0,78
11/06/16,0,0,0,2683.67,June,Saturday,1,0,0,63
12/06/16,0,0,0,9188.41,June,Sunday,1,0,0,77
13/06/16,0,0,0,11841.31,June,Monday,1,0,0,81
14/06/16,0,0,0,2130.54,June,Tuesday,1,0,0,70
15/06/16,0,0,0,6652.04,June,Wednesday,1,0,0,75
16/06/16,0,0,0,27812.96,June,Thursday,1,0,0,108
17/06/16,0,0,0,5917.34,June,Friday,1,0,0,83
18/06/16,0,0,0,3188.61,June,Saturday,1,0,0,80
19/06/16,0,0,0,13549.67,June,Sunday,1,0,0,87
20/06/16,0,0,0,8541.28,June,Monday,1,0,0,75
21/06/16,0,0,0,6977.85,June,Tuesday,1,0,0,77
22/06/16,1,0,0,1751.48,June,Wednesday,1,0,0,87
23/06/16,0,0,0,13842.1,June,Thursday,1,0,0,88
24/06/16,0,0,0,10402.71,June,Friday,1,0,0,83
25/06/16,0,0,0,7180.6,June,Saturday,1,0,0,84
26/06/16,0,0,0,3523.47,June,Sunday,1,0,0,75
27/06/16,0,0,0,15819.25,June,Monday,1,0,0,93
28/06/16,0,0,0,10893.28,June,Tuesday,1,0,0,82
29/06/16,0,0,0,10672.79,June,Wednesday,1,0,0,89
30/06/16,0,0,0,4716.95,June,Thursday,1,0,0,82
1/07/16,0,0,0,5691.87,July,Friday,1,0,0,76
2/07/16,0,0,0,438.22,July,Saturday,1,0,0,62
3/07/16,0,0,0,18420.1,July,Sunday,1,0,0,81
4/07/16,0,0,0,3997.45,July,Monday,1,0,0,70
5/07/16,0,0,0,18535.34,July,Tuesday,1,0,0,93
6/07/16,0,0,0,12852.61,July,Wednesday,1,0,0,85
7/07/16,0,0,0,4395.71,July,Thursday,1,0,0,73
8/07/16,0,0,0,26836.65,July,Friday,1,0,0,109
9/07/16,0,0,0,3471.98,July,Saturday,1,0,0,80
10/07/16,0,0,0,10437.26,July,Sunday,1,0,0,82
11/07/16,0,0,0,6528.33,July,Monday,1,0,0,75
12/07/16,0,0,0,12985.12,July,Tuesday,1,0,0,91
13/07/16,0,0,0,1118.72,July,Wednesday,1,0,0,68
14/07/16,0,0,0,8365.39,July,Thursday,1,0,0,73
15/07/16,0,0,0,503.12,July,Friday,1,0,0,66
16/07/16,1,0,0,4117.78,July,Saturday,1,0,0,76
17/07/16,0,0,0,10023.03,July,Sunday,1,0,0,73
18/07/16,0,0,0,1376.29,July,Monday,1,0,0,66
19/07/16,0,0,0,12164.36,July,Tuesday,1,0,0,81
20/07/16,0,0,0,2081.72,July,Wednesday,1,0,0,67
21/07/16,0,0,0,8657.64,July,Thursday,1,0,0,76
22/07/16,0,0,0,14018.93,July,Friday,1,0,0,81
23/07/16,0,0,0,5272.2,July,Saturday,1,0,0,77
24/07/16,0,0,0,46586.07,July,Sunday,1,0,0,138
25/07/16,0,0,0,16225.98,July,Monday,1,0,0,117
26/07/16,0,0,0,21082.69,July,Tuesday,1,0,0,115
27/07/16,0,0,0,351.13,July,Wednesday,1,0,0,81
28/07/16,0,0,0,947.89,July,Thursday,1,0,0,67
29/07/16,0,0,0,1677.25,July,Friday,1,0,0,60
30/07/16,1,0,0,699.06,July,Saturday,1,0,0,72
31/07/16,0,0,0,5554.71,July,Sunday,1,0,0,65
1/08/16,0,0,0,4593.34,August,Monday,1,0,0,81
2/08/16,0,0,0,10968.61,August,Tuesday,1,0,0,90
3/08/16,0,0,0,11540.6,August,Wednesday,1,0,0,93
4/08/16,0,0,0,1782.89,August,Thursday,1,0,0,84
5/08/16,0,0,0,8311.72,August,Friday,1,0,0,88
6/08/16,0,0,0,3422.88,August,Saturday,1,0,0,74
7/08/16,0,0,0,14475.09,August,Sunday,1,0,0,94
8/08/16,0,0,0,1776.43,August,Monday,1,0,0,79
9/08/16,0,0,0,4048.15,August,Tuesday,1,0,0,83
10/08/16,0,0,0,7452.69,August,Wednesday,1,0,0,79
11/08/16,0,0,0,15500.65,August,Thursday,1,0,0,96
12/08/16,0,0,0,1526.89,August,Friday,1,0,0,81
13/08/16,0,0,0,11414.7,August,Saturday,1,0,0,88
14/08/16,0,0,0,15943.57,August,Sunday,1,0,0,108
15/08/16,0,0,0,2967.42,August,Monday,1,0,0,85
16/08/16,0,0,0,18237.42,August,Tuesday,1,0,0,104
17/08/16,0,0,0,14677.55,August,Wednesday,1,0,0,108
18/08/16,0,0,0,1510.83,August,Thursday,1,0,0,89
19/08/16,0,0,0,6581.36,August,Friday,1,0,0,87
20/08/16,0,0,0,1043.2,August,Saturday,1,0,0,72
21/08/16,0,0,0,2330.01,August,Sunday,1,0,0,70
22/08/16,0,0,0,8610.04,August,Monday,1,0,0,80
23/08/16,0,0,0,5986.81,August,Tuesday,1,0,0,81
24/08/16,0,0,0,1102.22,August,Wednesday,1,0,0,77
25/08/16,0,0,0,740.52,August,Thursday,1,0,0,74
26/08/16,0,0,0,7837.94,August,Friday,1,0,0,80
27/08/16,0,0,0,2276.2,August,Saturday,1,0,0,72
28/08/16,0,0,0,1501.62,August,Sunday,1,0,0,74
29/08/16,0,0,0,5519.77,August,Monday,1,0,0,82
30/08/16,0,0,0,3122.38,August,Tuesday,1,0,0,80
31/08/16,0,0,0,1517.64,August,Wednesday,1,0,0,75
1/09/16,0,0,0,10050.93,September,Thursday,1,0,0,90
2/09/16,0,0,0,15852.25,September,Friday,1,0,0,111
3/09/16,0,0,0,8087.62,September,Saturday,1,0,0,95
4/09/16,0,0,0,1604.02,September,Sunday,1,0,0,89
5/09/16,0,0,0,4587.73,September,Monday,1,0,0,89
6/09/16,0,0,0,1473.63,September,Tuesday,1,0,0,83
7/09/16,0,0,0,7177.02,September,Wednesday,1,0,0,86
8/09/16,0,0,0,12116.46,September,Thursday,1,0,0,97
9/09/16,0,0,0,1522.63,September,Friday,1,0,0,90
10/09/16,0,0,0,9892.76,September,Saturday,1,0,0,100
11/09/16,0,0,0,17730.91,September,Sunday,1,0,0,115
12/09/16,0,0,0,9562.23,September,Monday,1,0,0,105
13/09/16,0,0,0,10116.34,September,Tuesday,1,0,0,103
14/09/16,1,0,0,14745.65,September,Wednesday,1,0,0,120
15/09/16,0,0,0,9033.12,September,Thursday,1,0,0,102
16/09/16,0,0,0,13843.84,September,Friday,1,0,0,114
17/09/16,0,0,0,18408.54,September,Saturday,1,0,0,111
18/09/16,1,0,0,10343.66,September,Sunday,1,0,0,123
19/09/16,0,0,0,6846.81,September,Monday,1,0,0,101
20/09/16,0,0,0,10664.79,September,Tuesday,1,0,0,103
21/09/16,0,0,0,187.84,September,Wednesday,1,0,0,84
22/09/16,0,0,0,189.91,September,Thursday,1,0,0,76
23/09/16,0,0,0,3985.8,September,Friday,1,0,0,80
24/09/16,0,0,0,5105.78,September,Saturday,1,0,0,83
25/09/16,0,0,0,10055.46,September,Sunday,1,0,0,94
26/09/16,0,0,0,8911.15,September,Monday,1,0,0,94
27/09/16,0,0,0,6087.58,September,Tuesday,1,0,0,92
28/09/16,0,0,0,21383.83,September,Wednesday,1,0,0,112
29/09/16,0,0,0,2444.2,September,Thursday,1,0,0,94
30/09/16,0,0,0,25196.29,September,Friday,1,0,0,121
1/10/16,0,0,0,6747.89,October,Saturday,1,0,0,117
2/10/16,0,0,0,147.13,October,Sunday,1,0,0,100
3/10/16,0,0,0,3707.6,October,Monday,1,0,0,97
4/10/16,0,0,0,2394.72,October,Tuesday,1,0,0,90
5/10/16,0,0,0,637.71,October,Wednesday,1,0,0,91
6/10/16,0,0,0,2005.38,October,Thursday,1,0,0,86
7/10/16,0,0,0,12132.75,October,Friday,1,0,0,107
8/10/16,0,0,0,3911.52,October,Saturday,1,0,0,103
9/10/16,0,0,0,12703.82,October,Sunday,1,0,0,114
10/10/16,0,0,0,8922.19,October,Monday,1,0,0,106
11/10/16,0,0,0,5436.42,October,Tuesday,1,0,0,99
12/10/16,0,0,0,8617.98,October,Wednesday,1,0,0,112
13/10/16,0,0,0,4911.05,October,Thursday,1,0,0,100
14/10/16,0,0,0,4233.32,October,Friday,1,0,0,100
15/10/16,0,0,0,1649.28,October,Saturday,1,0,0,94
16/10/16,0,0,0,13369.29,October,Sunday,1,0,0,102
17/10/16,0,0,0,11060.25,October,Monday,1,0,0,114
18/10/16,0,0,0,5045.39,October,Tuesday,1,0,0,102
19/10/16,0,0,0,788.06,October,Wednesday,1,0,0,95
20/10/16,0,0,0,8182.41,October,Thursday,1,0,0,97
21/10/16,0,0,0,5018.23,October,Friday,1,0,0,98
22/10/16,0,0,0,3352.17,October,Saturday,1,0,0,93
23/10/16,0,0,0,4171.03,October,Sunday,1,0,0,99
24/10/16,0,0,0,25485.87,October,Monday,1,0,0,129
25/10/16,0,0,0,2019.89,October,Tuesday,1,0,0,100
26/10/16,0,0,0,7801.25,October,Wednesday,1,0,0,111
27/10/16,0,0,0,6513.7,October,Thursday,1,0,0,111
28/10/16,0,0,0,8814.94,October,Friday,1,0,0,105
29/10/16,0,0,0,0.0,October,Saturday,1,0,0,89
30/10/16,0,0,0,9400.26,October,Sunday,1,0,0,108
31/10/16,0,0,0,12609.86,October,Monday,1,0,0,103
1/11/16,0,0,0,6731.63,November,Tuesday,1,0,0,115
2/11/16,0,0,0,6633.34,November,Wednesday,1,0,0,115
3/11/16,0,0,0,13072.34,November,Thursday,1,0,0,125
4/11/16,0,0,0,15454.95,November,Friday,1,0,0,131
5/11/16,0,0,0,7885.97,November,Saturday,1,0,0,129
6/11/16,0,0,0,8508.88,November,Sunday,1,0,0,123
7/11/16,0,0,0,11127.8,November,Monday,1,0,0,121
8/11/16,0,0,0,20360.44,November,Tuesday,1,0,0,136
9/11/16,0,0,0,5402.98,November,Wednesday,1,0,0,118
10/11/16,0,0,0,6565.01,November,Thursday,1,0,0,121
11/11/16,0,0,0,5122.42,November,Friday,1,0,0,120
12/11/16,0,0,0,6990.91,November,Saturday,1,0,0,112
13/11/16,0,0,0,11439.81,November,Sunday,1,0,0,120
14/11/16,0,0,0,7918.07,November,Monday,1,0,0,118
15/11/16,0,0,0,5903.88,November,Tuesday,1,0,0,115
16/11/16,0,0,0,4092.33,November,Wednesday,1,0,0,109
17/11/16,0,0,0,21548.87,November,Thursday,1,0,0,136
18/11/16,0,0,0,3520.38,November,Friday,1,0,0,114
19/11/16,0,0,0,11396.52,November,Saturday,1,0,0,128
20/11/16,0,0,0,12207.12,November,Sunday,1,0,0,130
21/11/16,0,0,0,8777.68,November,Monday,1,0,0,122
22/11/16,0,0,0,7431.94,November,Tuesday,1,0,0,123
23/11/16,0,0,0,4159.99,November,Wednesday,1,0,0,105
24/11/16,0,0,0,9952.18,November,Thursday,1,0,0,121
25/11/16,0,0,0,3858.31,November,Friday,1,0,0,113
26/11/16,0,0,0,5553.3,November,Saturday,1,0,0,111
27/11/16,0,0,0,9199.93,November,Sunday,1,0,0,116
28/11/16,0,0,0,7793.72,November,Monday,1,0,0,119
29/11/16,0,0,0,3254.26,November,Tuesday,1,0,0,113
30/11/16,0,0,0,1734.47,November,Wednesday,1,0,0,103
1/12/16,0,0,0,5784.35,December,Thursday,1,0,0,123
2/12/16,0,0,0,14177.01,December,Friday,1,0,0,128
3/12/16,0,0,0,7092.7,December,Saturday,1,0,0,125
4/12/16,0,0,0,327.49,December,Sunday,1,0,0,115
5/12/16,0,0,0,12950.65,December,Monday,1,0,0,136
6/12/16,0,0,0,14699.89,December,Tuesday,1,0,0,125
7/12/16,0,0,0,3772.14,December,Wednesday,1,0,0,126
8/12/16,0,0,0,6479.36,December,Thursday,1,0,0,131
9/12/16,0,0,0,10733.61,December,Friday,1,0,0,130
10/12/16,0,0,0,11905.59,December,Saturday,1,0,0,131
11/12/16,0,0,0,11484.63,December,Sunday,1,0,0,137
12/12/16,0,0,0,11292.42,December,Monday,1,0,0,139
13/12/16,0,0,0,19702.3,December,Tuesday,1,0,0,142
14/12/16,0,0,0,3627.59,December,Wednesday,1,0,0,127
15/12/16,0,0,0,4479.28,December,Thursday,1,0,0,125
16/12/16,0,0,0,1253.28,December,Friday,1,0,0,115
17/12/16,0,0,0,2423.36,December,Saturday,1,0,0,112
18/12/16,0,0,0,7776.69,December,Sunday,1,0,0,120
19/12/16,0,0,0,8012.23,December,Monday,1,0,0,120
20/12/16,1,0,0,1656.88,December,Tuesday,1,0,0,122
21/12/16,0,0,0,11002.21,December,Wednesday,1,0,0,128
22/12/16,0,0,0,10764.39,December,Thursday,1,0,0,127
23/12/16,0,0,0,9422.18,December,Friday,1,0,0,130
24/12/16,0,0,0,311.21,December,Saturday,1,0,0,113
25/12/16,1,0,0,22053.41,December,Sunday,1,0,0,163
26/12/16,1,0,0,8946.92,December,Monday,1,0,0,148
27/12/16,0,0,0,12529.81,December,Tuesday,1,0,0,137
28/12/16,0,0,0,15.43,December,Wednesday,1,0,0,116
29/12/16,0,0,0,7073.72,December,Thursday,1,0,0,122
30/12/16,0,0,0,4154.82,December,Friday,1,0,0,116
31/12/16,0,0,0,6585.57,December,Saturday,1,0,0,123
1/01/17,0,0,0,8499.21,January,Sunday,1,0,0,78
2/01/17,0,0,0,2360.24,January,Monday,1,0,0,68
3/01/17,0,0,0,7141.58,January,Tuesday,1,0,0,75
4/01/17,0,0,0,17158.48,January,Wednesday,1,0,0,86
5/01/17,0,0,0,7240.55,January,Thursday,1,0,0,80
6/01/17,1,0,0,21159.49,January,Friday,1,0,0,111
7/01/17,0,0,0,10035.51,January,Saturday,1,0,0,90
8/01/17,0,0,0,9462.13,January,Sunday,1,0,0,89
9/01/17,0,0,0,4547.85,January,Monday,1,0,0,80
10/01/17,0,0,0,12116.78,January,Tuesday,1,0,0,88
11/01/17,0,0,0,5255.09,January,Wednesday,1,0,0,75
12/01/17,0,0,0,16635.57,January,Thursday,1,0,0,90
13/01/17,0,0,0,3275.68,January,Friday,1,0,0,75
14/01/17,0,0,0,8874.24,January,Saturday,1,0,0,82
15/01/17,0,0,0,18574.58,January,Sunday,1,0,0,99
16/01/17,0,0,0,6548.64,January,Monday,1,0,0,82
17/01/17,0,0,0,12520.21,January,Tuesday,1,0,0,92
18/01/17,0,0,0,5854.05,January,Wednesday,1,0,0,79
19/01/17,0,0,0,910.68,January,Thursday,1,0,0,66
20/01/17,0,0,0,12654.29,January,Friday,1,0,0,83
21/01/17,0,0,0,1627.62,January,Saturday,1,0,0,70
22/01/17,0,0,0,44.6,January,Sunday,1,0,0,62
23/01/17,0,0,0,2679.69,January,Monday,1,0,0,66
24/01/17,0,0,0,7955.31,January,Tuesday,1,0,0,69
25/01/17,0,1,0,10237.91,January,Wednesday,1,0,0,56
26/01/17,0,0,0,13187.0,January,Thursday,1,0,0,83
27/01/17,0,0,0,8355.07,January,Friday,1,0,0,82
28/01/17,0,0,0,1565.16,January,Saturday,1,0,0,70
29/01/17,0,0,0,6333.16,January,Sunday,1,0,0,75
30/01/17,0,0,0,3793.69,January,Monday,1,0,0,68
31/01/17,0,0,0,4296.24,January,Tuesday,1,0,0,66
1/02/17,0,0,0,7435.59,February,Wednesday,1,0,0,62
2/02/17,0,0,0,18326.19,February,Thursday,1,0,0,76
3/02/17,0,0,0,14466.23,February,Friday,1,0,0,78
4/02/17,0,0,0,8564.27,February,Saturday,1,0,0,75
5/02/17,0,0,0,2984.74,February,Sunday,1,0,0,63
6/02/17,0,0,0,17054.56,February,Monday,1,0,0,77
7/02/17,0,0,0,9248.37,February,Tuesday,1,0,0,78
8/02/17,0,0,0,7367.49,February,Wednesday,1,0,0,68
9/02/17,1,0,0,24401.41,February,Thursday,1,0,0,109
10/02/17,0,0,0,868.2,February,Friday,1,0,0,66
11/02/17,0,0,0,13063.42,February,Saturday,1,0,0,76
12/02/17,0,0,0,15338.52,February,Sunday,1,0,0,77
13/02/17,0,0,0,0.0,February,Monday,1,0,0,60
14/02/17,0,0,0,11219.78,February,Tuesday,1,0,0,77
15/02/17,0,0,0,9887.16,February,Wednesday,1,0,0,69
16/02/17,0,0,0,17672.76,February,Thursday,1,0,0,78
17/02/17,0,0,0,2266.88,February,Friday,1,0,0,67
18/02/17,0,0,0,11137.42,February,Saturday,1,0,0,75
19/02/17,0,0,0,10407.1,February,Sunday,1,0,0,70
20/02/17,0,0,0,7630.78,February,Monday,1,0,0,66
21/02/17,0,0,0,2541.2,February,Tuesday,1,0,0,61
22/02/17,0,0,0,11108.69,February,Wednesday,1,0,0,69
23/02/17,0,0,0,3871.79,February,Thursday,1,0,0,51
24/02/17,0,0,0,13721.43,February,Friday,1,0,0,69
25/02/17,0,0,0,5859.07,February,Saturday,1,0,0,62
26/02/17,0,0,0,1224.73,February,Sunday,1,0,0,50
27/02/17,0,0,0,14198.81,February,Monday,1,0,0,68
28/02/17,0,0,0,19147.23,February,Tuesday,1,0,0,84
1/03/17,0,0,0,7370.18,March,Wednesday,1,0,0,78
2/03/17,0,0,0,2227.74,March,Thursday,1,0,0,74
3/03/17,0,0,0,11356.38,March,Friday,1,0,0,79
4/03/17,0,0,0,5258.24,March,Saturday,1,0,0,71
5/03/17,0,0,0,10618.54,March,Sunday,1,0,0,80
6/03/17,0,0,0,2509.55,March,Monday,1,0,0,72
7/03/17,0,0,0,5064.12,March,Tuesday,1,0,0,72
8/03/17,0,0,0,0.0,March,Wednesday,1,0,0,65
9/03/17,0,0,0,855.51,March,Thursday,1,0,0,61
10/03/17,0,0,0,2357.7,March,Friday,1,0,0,61
11/03/17,0,0,0,19231.33,March,Saturday,1,0,0,86
12/03/17,0,0,0,19041.6,March,Sunday,1,0,0,95
13/03/17,0,0,0,3235.36,March,Monday,1,0,0,73
14/03/17,0,0,0,975.72,March,Tuesday,1,0,0,67
15/03/17,0,0,0,16002.09,March,Wednesday,1,0,0,80
16/03/17,0,0,0,9796.93,March,Thursday,1,0,0,78
17/03/17,0,0,0,5400.69,March,Friday,1,0,0,73
18/03/17,0,0,0,4004.53,March,Saturday,1,0,0,73
19/03/17,0,0,0,10351.24,March,Sunday,1,0,0,79
20/03/17,0,0,0,2963.69,March,Monday,1,0,0,72
21/03/17,0,0,0,4972.28,March,Tuesday,1,0,0,69
22/03/17,0,0,0,2353.25,March,Wednesday,1,0,0,61
23/03/17,0,0,0,14540.08,March,Thursday,1,0,0,80
24/03/17,0,0,0,15762.12,March,Friday,1,0,0,92
25/03/17,0,0,0,8699.9,March,Saturday,1,0,0,80
26/03/17,0,0,0,14990.85,March,Sunday,1,0,0,91
27/03/17,0,0,0,6753.97,March,Monday,1,0,0,76
28/03/17,0,0,0,4404.17,March,Tuesday,1,0,0,72
29/03/17,0,0,0,2165.35,March,Wednesday,1,0,0,62
30/03/17,0,0,0,4165.97,March,Thursday,1,0,0,65
31/03/17,1,0,0,5504.28,March,Friday,1,0,0,78
1/04/17,0,0,0,19215.04,April,Saturday,1,0,0,81
2/04/17,0,0,0,5998.87,April,Sunday,1,0,0,72
3/04/17,0,0,0,2375.63,April,Monday,1,0,0,61
4/04/17,0,0,0,12480.6,April,Tuesday,1,0,0,78
5/04/17,0,0,0,13857.63,April,Wednesday,1,0,0,78
6/04/17,0,0,0,7885.73,April,Thursday,1,0,0,73
7/04/17,0,0,0,809.1,April,Friday,1,0,0,59
8/04/17,0,0,0,4566.37,April,Saturday,1,0,0,64
9/04/17,0,0,0,14596.45,April,Sunday,1,0,0,74
10/04/17,0,0,0,2913.77,April,Monday,1,0,0,57
11/04/17,0,0,0,6980.7,April,Tuesday,1,0,0,71
12/04/17,0,0,0,7755.46,April,Wednesday,1,0,0,67
13/04/17,0,0,0,4387.58,April,Thursday,1,0,0,65
14/04/17,0,0,0,7806.59,April,Friday,1,0,0,64
15/04/17,0,0,0,7206.32,April,Saturday,1,0,0,60
16/04/17,0,0,0,20400.31,April,Sunday,1,0,0,90
17/04/17,0,0,0,8620.79,April,Monday,1,0,0,86
18/04/17,0,0,0,5794.16,April,Tuesday,1,0,0,67
19/04/17,0,0,0,15322.55,April,Wednesday,1,0,0,84
20/04/17,0,0,0,17577.42,April,Thursday,1,0,0,85
21/04/17,0,0,0,9300.89,April,Friday,1,0,0,80
22/04/17,0,0,0,19543.32,April,Saturday,1,0,0,93
23/04/17,0,0,0,16867.46,April,Sunday,1,0,0,91
24/04/17,0,0,0,6662.12,April,Monday,1,0,0,79
25/04/17,0,0,0,2219.61,April,Tuesday,1,0,0,65
26/04/17,0,0,0,6186.12,April,Wednesday,1,0,0,69
27/04/17,0,0,0,3284.64,April,Thursday,1,0,0,51
28/04/17,0,0,0,7018.64,April,Friday,1,0,0,55
29/04/17,0,0,0,1268.98,April,Saturday,1,0,0,59
30/04/17,0,0,0,4714.44,April,Sunday,1,0,0,57
1/05/17,1,0,0,847.45,May,Monday,1,0,0,69
2/05/17,0,0,0,347.51,May,Tuesday,1,0,0,62
3/05/17,0,0,0,6868.93,May,Wednesday,1,0,0,70
4/05/17,0,0,0,5536.75,May,Thursday,1,0,0,73
5/05/17,0,0,0,15925.48,May,Friday,1,0,0,90
6/05/17,0,0,0,3840.26,May,Saturday,1,0,0,74
7/05/17,0,0,0,4547.14,May,Sunday,1,0,0,74
8/05/17,0,0,0,4659.66,May,Monday,1,0,0,77
9/05/17,0,0,0,13487.76,May,Tuesday,1,0,0,79
10/05/17,0,0,0,19617.37,May,Wednesday,1,0,0,95
11/05/17,0,0,0,2490.24,May,Thursday,1,0,0,83
12/05/17,0,0,0,9323.59,May,Friday,1,0,0,84
13/05/17,0,0,0,9825.81,May,Saturday,1,0,0,79
14/05/17,0,0,0,7541.87,May,Sunday,1,0,0,78
15/05/17,0,0,0,3500.8,May,Monday,1,0,0,72
16/05/17,0,0,0,811.71,May,Tuesday,1,0,0,66
17/05/17,0,0,0,4948.88,May,Wednesday,1,0,0,69
18/05/17,0,0,0,6537.83,May,Thursday,1,0,0,70
19/05/17,0,0,0,2575.98,May,Friday,1,0,0,68
20/05/17,0,0,0,2589.84,May,Saturday,1,0,0,63
21/05/17,0,0,0,14209.22,May,Sunday,1,0,0,84
22/05/17,0,0,0,2562.69,May,Monday,1,0,0,68
23/05/17,0,0,0,29128.94,May,Tuesday,1,0,0,113
24/05/17,0,0,0,12491.64,May,Wednesday,1,0,0,97
25/05/17,0,0,0,114.65,May,Thursday,1,0,0,76
26/05/17,1,0,0,88.19,May,Friday,1,0,0,80
27/05/17,0,0,0,17373.4,May,Saturday,1,0,0,87
28/05/17,0,0,0,2963.65,May,Sunday,1,0,0,68
29/05/17,0,0,0,9335.18,May,Monday,1,0,0,84
30/05/17,0,1,0,5675.62,May,Tuesday,1,0,0,57
31/05/17,0,0,0,16164.11,May,Wednesday,1,0,0,89
1/06/17,0,0,0,861.22,June,Thursday,1,0,0,73
2/06/17,0,0,0,516.44,June,Friday,1,0,0,63
3/06/17,0,0,0,2731.5,June,Saturday,1,0,0,61
4/06/17,0,0,0,9181.54,June,Sunday,1,0,0,75
5/06/17,0,0,0,6715.64,June,Monday,1,0,0,69
6/06/17,0,0,0,1105.09,June,Tuesday,1,0,0,66
7/06/17,0,0,0,14473.4,June,Wednesday,1,0,0,83
8/06/17,0,0,0,64.14,June,Thursday,1,0,0,60
9/06/17,0,0,0,28482.06,June,Friday,1,0,0,98
10/06/17,0,0,0,1254.14,June,Saturday,1,0,0,75
11/06/17,0,0,0,13779.49,June,Sunday,1,0,0,87
12/06/17,0,0,0,14293.53,June,Monday,1,0,0,98
13/06/17,0,0,0,15647.91,June,Tuesday,1,0,0,96
14/06/17,0,0,0,3586.19,June,Wednesday,1,0,0,81
15/06/17,1,0,0,8976.04,June,Thursday,1,0,0,89
16/06/17,0,0,0,2152.37,June,Friday,1,0,0,69
17/06/17,0,0,0,2516.77,June,Saturday,1,0,0,64
18/06/17,0,0,0,12792.26,June,Sunday,1,0,0,79
19/06/17,0,0,0,1049.74,June,Monday,1,0,0,62
20/06/17,0,0,0,6260.73,June,Tuesday,1,0,0,68
21/06/17,0,0,0,5747.46,June,Wednesday,1,0,0,70
22/06/17,0,0,0,3736.48,June,Thursday,1,0,0,67
23/06/17,0,0,0,4087.05,June,Friday,1,0,0,64
24/06/17,0,0,0,6614.64,June,Saturday,1,0,0,73
25/06/17,0,0,0,5984.04,June,Sunday,1,0,0,70
26/06/17,0,0,0,10640.82,June,Monday,1,0,0,74
27/06/17,0,0,0,11515.69,June,Tuesday,1,0,0,78
28/06/17,0,0,0,16396.39,June,Wednesday,1,0,0,94
29/06/17,0,0,0,12900.76,June,Thursday,1,0,0,90
30/06/17,0,0,0,9943.95,June,Friday,1,0,0,82
1/07/17,0,0,0,6418.14,July,Saturday,0,0,0,69
2/07/17,0,0,0,1273.08,July,Sunday,0,0,0,58
3/07/17,0,0,0,15503.55,July,Monday,0,0,0,71
4/07/17,0,0,0,6374.99,July,Tuesday,0,0,0,65
5/07/17,0,0,0,7056.17,July,Wednesday,0,0,0,73
6/07/17,0,0,0,4536.38,July,Thursday,0,0,0,61
7/07/17,0,0,0,4964.12,July,Friday,0,0,0,63
8/07/17,0,0,0,8193.51,July,Saturday,0,0,0,63
9/07/17,0,0,0,4820.36,July,Sunday,0,0,0,59
10/07/17,0,0,0,3467.12,July,Monday,0,0,0,56
11/07/17,0,0,0,3036.33,July,Tuesday,0,0,0,53
12/07/17,0,0,0,12803.05,July,Wednesday,0,0,0,65
13/07/17,0,0,0,15948.27,July,Thursday,0,0,0,80
14/07/17,0,0,0,1357.05,July,Friday,0,0,0,65
15/07/17,0,0,0,7090.3,July,Saturday,0,0,0,62
16/07/17,0,0,0,2078.07,July,Sunday,0,0,0,56
17/07/17,0,0,0,1568.67,July,Monday,0,0,0,48
18/07/17,0,0,0,3289.03,July,Tuesday,0,0,0,58
19/07/17,0,0,0,11984.38,July,Wednesday,0,0,0,65
20/07/17,0,0,0,1871.99,July,Thursday,0,0,0,56
21/07/17,0,0,0,3832.49,July,Friday,0,0,0,54
22/07/17,0,0,0,20588.51,July,Saturday,0,0,0,83
23/07/17,0,0,0,1206.63,July,Sunday,0,0,0,62
24/07/17,0,0,0,13741.15,July,Monday,0,0,0,79
25/07/17,0,0,0,12799.68,July,Tuesday,0,0,0,77
26/07/17,0,0,0,4430.42,July,Wednesday,0,0,0,71
27/07/17,0,0,0,14562.67,July,Thursday,0,0,0,82
28/07/17,0,0,0,5192.16,July,Friday,0,0,0,66
29/07/17,0,0,0,22045.57,July,Saturday,0,0,0,83
30/07/17,0,0,0,1636.47,July,Sunday,0,0,0,66
31/07/17,0,0,0,5750.81,July,Monday,0,0,0,65
1/08/17,0,0,0,6549.5,August,Tuesday,0,0,0,81
2/08/17,0,0,0,8308.04,August,Wednesday,0,0,0,77
3/08/17,0,0,0,926.54,August,Thursday,0,0,0,62
4/08/17,0,0,0,17287.4,August,Friday,0,0,0,88
5/08/17,0,0,0,565.0,August,Saturday,0,0,0,69
6/08/17,0,0,0,16742.38,August,Sunday,0,0,0,93
7/08/17,0,0,0,4067.91,August,Monday,0,0,0,81
8/08/17,0,0,0,3923.07,August,Tuesday,0,0,0,78
9/08/17,0,0,0,6204.06,August,Wednesday,0,0,0,76
10/08/17,0,0,0,13652.01,August,Thursday,0,0,0,84
11/08/17,1,0,0,959.68,August,Friday,0,0,0,88
12/08/17,0,0,0,15298.63,August,Saturday,0,0,0,83
13/08/17,0,0,0,4489.36,August,Sunday,0,0,0,75
14/08/17,0,0,0,14444.24,August,Monday,0,0,0,83
15/08/17,0,0,0,13297.87,August,Tuesday,0,0,0,93
16/08/17,0,0,0,14566.45,August,Wednesday,0,0,0,88
17/08/17,0,0,0,10344.38,August,Thursday,0,0,0,90
18/08/17,1,0,0,13491.27,August,Friday,0,0,0,99
19/08/17,0,0,0,7017.59,August,Saturday,0,0,0,83
20/08/17,0,0,0,834.17,August,Sunday,0,0,0,69
21/08/17,0,0,0,19902.28,August,Monday,0,0,0,92
22/08/17,0,0,0,9729.37,August,Tuesday,0,0,0,84
23/08/17,0,0,0,4768.85,August,Wednesday,0,0,0,80
24/08/17,1,0,0,5524.46,August,Thursday,0,0,0,88
25/08/17,0,0,0,6598.67,August,Friday,0,0,0,72
26/08/17,0,0,0,5049.25,August,Saturday,0,0,0,73
27/08/17,0,0,0,5170.46,August,Sunday,0,0,0,70
28/08/17,0,0,0,9646.92,August,Monday,0,0,0,73
29/08/17,0,0,0,12067.22,August,Tuesday,0,0,0,81
30/08/17,0,1,0,2683.1,August,Wednesday,0,0,0,52
31/08/17,0,0,0,12878.88,August,Thursday,0,0,0,84
1/09/17,0,0,0,3228.5,September,Friday,0,0,0,86
2/09/17,1,0,0,4545.86,September,Saturday,0,0,0,94
3/09/17,0,0,0,865.11,September,Sunday,0,0,0,77
4/09/17,0,0,0,6243.73,September,Monday,0,0,0,78
5/09/17,0,0,0,3889.47,September,Tuesday,0,0,0,70
6/09/17,0,0,0,3750.18,September,Wednesday,0,0,0,77
7/09/17,0,0,0,12917.43,September,Thursday,0,0,0,101
8/09/17,0,0,0,3809.94,September,Friday,0,0,0,84
9/09/17,0,0,0,264.25,September,Saturday,0,0,0,72
10/09/17,0,0,0,155.35,September,Sunday,0,0,0,71
11/09/17,0,0,0,9285.08,September,Monday,0,0,0,79
12/09/17,0,0,0,10655.64,September,Tuesday,0,0,0,90
13/09/17,0,0,0,10792.96,September,Wednesday,0,0,0,89
14/09/17,0,0,0,372.24,September,Thursday,0,0,0,79
15/09/17,0,0,0,7959.15,September,Friday,0,0,0,84
16/09/17,0,0,0,16357.28,September,Saturday,0,0,0,98
17/09/17,0,0,0,9118.49,September,Sunday,0,0,0,87
18/09/17,0,0,0,7949.16,September,Monday,0,0,0,91
19/09/17,0,0,0,8349.89,September,Tuesday,0,0,0,91
20/09/17,0,0,0,19104.57,September,Wednesday,0,0,0,109
21/09/17,0,0,0,549.81,September,Thursday,0,0,0,82
22/09/17,0,0,0,4654.73,September,Friday,0,0,0,78
23/09/17,0,0,0,5691.48,September,Saturday,0,0,0,87
24/09/17,0,0,0,11304.09,September,Sunday,0,0,0,84
25/09/17,0,0,0,14015.17,September,Monday,0,0,0,100
26/09/17,0,0,0,9526.31,September,Tuesday,0,0,0,99
27/09/17,0,0,0,4665.35,September,Wednesday,0,0,0,89
28/09/17,0,0,0,6202.83,September,Thursday,0,0,0,82
29/09/17,0,0,0,5887.11,September,Friday,0,0,0,82
30/09/17,0,0,0,5277.47,September,Saturday,0,0,0,80
1/10/17,1,0,0,6358.54,October,Sunday,0,0,0,103
2/10/17,0,1,0,988.72,October,Monday,0,0,0,56
3/10/17,0,0,0,5358.32,October,Tuesday,0,0,0,84
4/10/17,0,0,0,2401.9,October,Wednesday,0,0,0,84
5/10/17,0,0,0,5368.32,October,Thursday,0,0,0,86
6/10/17,0,0,0,8689.41,October,Friday,0,0,0,88
7/10/17,0,0,0,10215.49,October,Saturday,0,0,0,97
8/10/17,0,0,0,1601.72,October,Sunday,0,0,0,92
9/10/17,0,0,0,1710.12,October,Monday,0,0,0,84
10/10/17,0,0,0,4183.96,October,Tuesday,0,0,0,79
11/10/17,0,0,0,4065.3,October,Wednesday,0,0,0,82
12/10/17,0,0,0,9681.06,October,Thursday,0,0,0,92
13/10/17,0,0,0,16983.23,October,Friday,0,0,0,107
14/10/17,0,0,0,21792.42,October,Saturday,0,0,0,115
15/10/17,0,0,0,14578.09,October,Sunday,0,0,0,113
16/10/17,0,0,0,4576.55,October,Monday,0,0,0,94
17/10/17,0,0,0,0.0,October,Tuesday,0,0,0,88
18/10/17,0,0,0,114.07,October,Wednesday,0,0,0,79
19/10/17,1,0,0,871.89,October,Thursday,0,0,0,96
20/10/17,0,0,0,2071.01,October,Friday,0,0,0,82
21/10/17,0,0,0,5352.37,October,Saturday,0,0,0,79
22/10/17,0,0,0,12230.96,October,Sunday,0,0,0,96
23/10/17,0,0,0,1199.77,October,Monday,0,0,0,81
24/10/17,0,0,0,21547.09,October,Tuesday,0,0,0,103
25/10/17,0,0,0,12813.21,October,Wednesday,0,0,0,103
26/10/17,0,0,0,4612.34,October,Thursday,0,0,0,90
27/10/17,1,0,0,10364.41,October,Friday,0,0,0,112
28/10/17,0,0,0,1909.73,October,Saturday,0,0,0,85
29/10/17,0,0,0,2428.95,October,Sunday,0,0,0,85
30/10/17,0,0,0,8099.71,October,Monday,0,0,0,88
31/10/17,0,0,0,14150.0,October,Tuesday,0,0,0,97
1/11/17,0,0,0,5007.95,November,Wednesday,0,0,0,103
2/11/17,0,0,0,4565.65,November,Thursday,0,0,0,99
3/11/17,0,0,0,10670.86,November,Friday,0,0,0,104
4/11/17,0,0,0,633.4,November,Saturday,0,0,0,88
5/11/17,0,0,0,900.38,November,Sunday,0,0,0,84
6/11/17,0,0,0,1754.21,November,Monday,0,0,0,94
7/11/17,0,0,0,2511.4,November,Tuesday,0,0,0,85
8/11/17,0,0,0,15119.27,November,Wednesday,0,0,0,106
9/11/17,0,0,0,12957.87,November,Thursday,0,0,0,106
10/11/17,0,0,0,5355.22,November,Friday,0,0,0,105
11/11/17,0,0,0,11961.76,November,Saturday,0,0,0,116
12/11/17,0,0,0,8602.71,November,Sunday,0,0,0,110
13/11/17,0,0,0,9678.02,November,Monday,0,0,0,108
14/11/17,0,0,0,6450.94,November,Tuesday,0,0,0,103
15/11/17,0,0,0,11340.54,November,Wednesday,0,0,0,104
16/11/17,0,0,0,16673.1,November,Thursday,0,0,0,114
17/11/17,0,1,0,2502.26,November,Friday,0,0,0,80
18/11/17,0,0,0,138.11,November,Saturday,0,0,0,95
19/11/17,0,0,0,12205.96,November,Sunday,0,0,0,107
20/11/17,0,0,0,0.0,November,Monday,0,0,0,95
21/11/17,0,0,0,6841.46,November,Tuesday,0,0,0,97
22/11/17,0,0,0,8362.46,November,Wednesday,0,0,0,92
23/11/17,0,0,0,8529.86,November,Thursday,0,0,0,98
24/11/17,0,0,0,1682.24,November,Friday,0,0,0,92
25/11/17,0,0,0,6169.54,November,Saturday,0,0,0,97
26/11/17,0,0,0,20764.11,November,Sunday,0,0,0,115
27/11/17,0,0,0,1088.84,November,Monday,0,0,0,96
28/11/17,0,0,0,1559.47,November,Tuesday,0,0,0,92
29/11/17,0,0,0,5069.98,November,Wednesday,0,0,0,92
30/11/17,0,0,0,112.35,November,Thursday,0,0,0,82
1/12/17,0,0,0,1617.63,December,Friday,0,0,0,94
2/12/17,0,0,0,4779.97,December,Saturday,0,0,0,111
3/12/17,0,0,0,2342.04,December,Sunday,0,0,0,98
4/12/17,0,0,0,2050.89,December,Monday,0,0,0,106
5/12/17,0,0,0,12988.99,December,Tuesday,0,0,0,115
6/12/17,0,0,0,27399.12,December,Wednesday,0,0,0,141
7/12/17,0,0,0,6604.16,December,Thursday,0,0,0,123
8/12/17,0,0,0,10956.28,December,Friday,0,0,0,128
9/12/17,0,0,0,5823.33,December,Saturday,0,0,0,110
10/12/17,0,0,0,10939.69,December,Sunday,0,0,0,121
11/12/17,0,0,0,19495.96,December,Monday,0,0,0,134
12/12/17,0,0,0,2305.4,December,Tuesday,0,0,0,114
13/12/17,0,0,0,3138.85,December,Wednesday,0,0,0,109
14/12/17,0,0,0,8104.28,December,Thursday,0,0,0,113
15/12/17,0,0,0,5242.12,December,Friday,0,0,0,107
16/12/17,0,0,0,2257.43,December,Saturday,0,0,0,107
17/12/17,0,0,0,10829.94,December,Sunday,0,0,0,117
18/12/17,0,0,0,4067.96,December,Monday,0,0,0,106
19/12/17,0,1,0,7607.13,December,Tuesday,0,0,0,80
20/12/17,0,0,0,13232.87,December,Wednesday,0,0,0,121
21/12/17,0,0,0,839.31,December,Thursday,0,0,0,103
22/12/17,0,0,0,3684.57,December,Friday,0,0,0,113
23/12/17,0,0,0,22375.44,December,Saturday,0,0,0,124
24/12/17,0,0,0,8925.12,December,Sunday,0,0,0,119
25/12/17,0,0,0,723.36,December,Monday,0,0,0,106
26/12/17,0,0,0,8758.93,December,Tuesday,0,0,0,116
27/12/17,0,0,0,751.5,December,Wednesday,0,0,0,101
28/12/17,0,0,0,26731.61,December,Thursday,0,0,0,132
29/12/17,0,0,0,2534.24,December,Friday,0,0,0,115
30/12/17,0,0,0,13405.5,December,Saturday,0,0,0,128
31/12/17,0,0,0,2863.89,December,Sunday,0,0,0,114
1/01/18,0,0,0,24430.36,January,Monday,0,0,0,83
2/01/18,0,0,0,9463.68,January,Tuesday,0,0,0,71
3/01/18,0,0,0,6030.72,January,Wednesday,0,0,0,62
4/01/18,0,0,0,2504.42,January,Thursday,0,0,0,63
5/01/18,1,0,0,198.75,January,Friday,0,0,0,56
6/01/18,0,0,0,3541.33,January,Saturday,0,0,0,50
7/01/18,0,0,0,16.22,January,Sunday,0,0,0,41
8/01/18,0,0,0,5589.54,January,Monday,0,0,0,51
9/01/18,0,0,0,11753.41,January,Tuesday,0,0,0,61
10/01/18,0,0,0,9461.69,January,Wednesday,0,0,0,67
11/01/18,0,0,0,13674.13,January,Thursday,0,0,0,76
12/01/18,0,0,0,834.29,January,Friday,0,0,0,60
13/01/18,0,0,0,8832.08,January,Saturday,0,0,0,55
14/01/18,1,0,0,16369.23,January,Sunday,0,0,0,80
15/01/18,0,0,0,3171.28,January,Monday,0,0,0,58
16/01/18,0,0,0,16416.19,January,Tuesday,0,0,0,73
17/01/18,0,0,0,2672.53,January,Wednesday,0,0,0,53
18/01/18,0,0,0,16488.5,January,Thursday,0,0,0,75
19/01/18,0,0,0,7014.74,January,Friday,0,0,0,60
20/01/18,0,0,0,27.55,January,Saturday,0,0,0,50
21/01/18,0,0,0,8605.99,January,Sunday,0,0,0,63
22/01/18,0,0,0,3326.31,January,Monday,0,0,0,47
23/01/18,0,0,0,5518.38,January,Tuesday,0,0,0,54
24/01/18,0,0,0,2595.59,January,Wednesday,0,0,0,50
25/01/18,0,0,0,5802.58,January,Thursday,0,0,0,53
26/01/18,0,0,0,1772.08,January,Friday,0,0,0,51
27/01/18,0,0,0,13035.48,January,Saturday,0,0,0,62
28/01/18,0,0,0,3648.37,January,Sunday,0,0,0,54
29/01/18,0,0,0,10899.6,January,Monday,0,0,0,63
30/01/18,0,0,0,7195.88,January,Tuesday,0,0,0,59
31/01/18,0,0,0,2169.55,January,Wednesday,0,0,0,47
1/02/18,0,0,0,13405.56,February,Thursday,0,0,0,70
2/02/18,0,0,0,66.94,February,Friday,0,0,0,61
3/02/18,0,0,0,1992.66,February,Saturday,0,0,0,49
4/02/18,0,0,0,9097.78,February,Sunday,0,0,0,66
5/02/18,0,0,0,11805.14,February,Monday,0,0,0,64
6/02/18,0,0,0,3022.39,February,Tuesday,0,0,0,58
7/02/18,0,0,0,21300.87,February,Wednesday,0,0,0,86
8/02/18,0,0,0,3995.1,February,Thursday,0,0,0,62
9/02/18,0,0,0,20289.32,February,Friday,0,0,0,82
10/02/18,0,0,0,3800.1,February,Saturday,0,0,0,67
11/02/18,0,0,0,12848.93,February,Sunday,0,0,0,70
12/02/18,0,1,0,6920.19,February,Monday,0,0,0,46
13/02/18,0,0,0,2133.69,February,Tuesday,0,0,0,55
14/02/18,0,0,0,15220.13,February,Wednesday,0,0,0,79
15/02/18,0,0,0,956.69,February,Thursday,0,0,0,56
16/02/18,0,0,0,4878.09,February,Friday,0,0,0,56
17/02/18,0,0,0,19557.22,February,Saturday,0,0,0,80
18/02/18,0,0,0,1014.3,February,Sunday,0,0,0,60
19/02/18,0,0,0,5408.77,February,Monday,0,0,0,62
20/02/18,0,0,0,2587.95,February,Tuesday,0,0,0,54
21/02/18,0,0,0,1094.31,February,Wednesday,0,0,0,52
22/02/18,0,0,0,3377.23,February,Thursday,0,0,0,52
23/02/18,0,0,0,14262.64,February,Friday,0,0,0,68
24/02/18,0,0,0,19165.43,February,Saturday,0,0,0,79
25/02/18,0,0,0,15261.26,February,Sunday,0,0,0,83
26/02/18,0,0,0,10718.03,February,Monday,0,0,0,78
27/02/18,0,0,0,29770.2,February,Tuesday,0,0,0,103
28/02/18,0,0,0,6747.46,February,Wednesday,0,0,0,79
1/03/18,0,0,0,7279.64,March,Thursday,0,0,0,64
2/03/18,0,0,0,5786.3,March,Friday,0,0,0,66
3/03/18,0,0,0,7200.97,March,Saturday,0,0,0,59
4/03/18,0,0,0,90.13,March,Sunday,0,0,0,47
5/03/18,0,0,0,6224.88,March,Monday,0,0,0,59
6/03/18,0,0,0,4222.58,March,Tuesday,0,0,0,54
7/03/18,0,0,0,2836.76,March,Wednesday,0,0,0,48
8/03/18,0,0,0,14000.95,March,Thursday,0,0,0,67
9/03/18,0,0,0,13469.82,March,Friday,0,0,0,67
10/03/18,0,0,0,1583.85,March,Saturday,0,0,0,53
11/03/18,0,0,0,1327.22,March,Sunday,0,0,0,55
12/03/18,0,0,0,20982.02,March,Monday,0,0,0,78
13/03/18,0,0,0,2512.91,March,Tuesday,0,0,0,54
14/03/18,0,0,0,5836.48,March,Wednesday,0,0,0,54
15/03/18,0,0,0,7177.89,March,Thursday,0,0,0,62
16/03/18,0,0,0,7331.16,March,Friday,0,0,0,56
17/03/18,0,0,0,11111.33,March,Saturday,0,0,0,70
18/03/18,0,0,0,29650.03,March,Sunday,0,0,0,98
19/03/18,0,0,0,6355.91,March,Monday,0,0,0,69
20/03/18,0,0,0,6558.41,March,Tuesday,0,0,0,67
21/03/18,0,0,0,9163.38,March,Wednesday,0,0,0,69
22/03/18,0,0,0,232.0,March,Thursday,0,0,0,47
23/03/18,0,0,0,8224.65,March,Friday,0,0,0,55
24/03/18,0,0,0,7062.99,March,Saturday,0,0,0,56
25/03/18,0,0,0,7089.87,March,Sunday,0,0,0,60
26/03/18,0,0,0,7546.21,March,Monday,0,0,0,61
27/03/18,0,0,0,4944.92,March,Tuesday,0,0,0,55
28/03/18,0,0,0,3368.78,March,Wednesday,0,0,0,53
29/03/18,0,0,0,2853.76,March,Thursday,0,0,0,48
30/03/18,0,0,0,167.48,March,Friday,0,0,0,42
31/03/18,0,0,0,5487.62,March,Saturday,0,0,0,51
1/04/18,0,0,0,2327.28,April,Sunday,0,0,0,53
2/04/18,0,0,0,4597.32,April,Monday,0,0,0,49
3/04/18,0,0,0,2078.09,April,Tuesday,0,0,0,47
4/04/18,0,0,0,11903.73,April,Wednesday,0,0,0,63
5/04/18,0,0,0,16582.76,April,Thursday,0,0,0,73
6/04/18,0,0,0,958.48,April,Friday,0,0,0,60
7/04/18,0,0,0,267.1,April,Saturday,0,0,0,53
8/04/18,0,0,0,10492.23,April,Sunday,0,0,0,65
9/04/18,0,0,0,2757.57,April,Monday,0,0,0,51
10/04/18,0,0,0,12688.83,April,Tuesday,0,0,0,68
11/04/18,0,0,0,3251.08,April,Wednesday,0,0,0,61
12/04/18,0,0,0,12777.66,April,Thursday,0,0,0,67
13/04/18,0,0,0,2550.25,April,Friday,0,0,0,56
14/04/18,0,0,0,632.91,April,Saturday,0,0,0,47
15/04/18,0,0,0,654.03,April,Sunday,0,0,0,52
16/04/18,0,0,0,5979.48,April,Monday,0,0,0,49
17/04/18,0,0,0,11167.92,April,Tuesday,0,0,0,66
18/04/18,0,0,0,4894.82,April,Wednesday,0,0,0,55
19/04/18,0,0,0,9385.22,April,Thursday,0,0,0,61
20/04/18,0,0,0,4591.4,April,Friday,0,0,0,59
21/04/18,0,0,0,8863.87,April,Saturday,0,0,0,62
22/04/18,0,0,0,18811.7,April,Sunday,0,0,0,80
23/04/18,0,0,0,20893.69,April,Monday,0,0,0,83
24/04/18,0,0,0,7103.2,April,Tuesday,0,0,0,76
25/04/18,0,0,0,11973.81,April,Wednesday,0,0,0,72
26/04/18,0,0,0,14307.79,April,Thursday,0,0,0,73
27/04/18,0,0,0,15951.13,April,Friday,0,0,0,79
28/04/18,0,0,0,8222.23,April,Saturday,0,0,0,71
29/04/18,0,0,0,1580.59,April,Sunday,0,0,0,59
30/04/18,0,0,0,15672.33,April,Monday,0,0,0,68
1/05/18,0,0,0,4865.27,May,Tuesday,0,0,0,63
2/05/18,0,0,0,3530.59,May,Wednesday,0,0,0,62
3/05/18,0,0,0,5676.6,May,Thursday,0,0,0,61
4/05/18,0,0,0,10464.07,May,Friday,0,0,0,69
5/05/18,0,0,0,6407.33,May,Saturday,0,0,0,60
6/05/18,0,0,0,9745.66,May,Sunday,0,0,0,67
7/05/18,0,0,0,4647.07,May,Monday,0,0,0,67
8/05/18,0,0,0,22985.1,May,Tuesday,0,0,0,85
9/05/18,1,0,0,8948.33,May,Wednesday,0,0,0,85
10/05/18,0,0,0,18242.16,May,Thursday,0,0,0,84
11/05/18,0,0,0,4116.43,May,Friday,0,0,0,66
12/05/18,0,0,0,2327.39,May,Saturday,0,0,0,56
13/05/18,0,0,0,12864.83,May,Sunday,0,0,0,64
14/05/18,0,0,0,10776.65,May,Monday,0,0,0,68
15/05/18,0,0,0,8006.19,May,Tuesday,0,0,0,64
16/05/18,0,0,0,4236.73,May,Wednesday,0,0,0,60
17/05/18,0,0,0,5498.56,May,Thursday,0,0,0,62
18/05/18,0,0,0,15345.31,May,Friday,0,0,0,64
19/05/18,0,0,0,1055.73,May,Saturday,0,0,0,58
20/05/18,0,0,0,9846.89,May,Sunday,0,0,0,64
21/05/18,0,0,0,11755.1,May,Monday,0,0,0,72
22/05/18,0,0,0,5473.19,May,Tuesday,0,0,0,61
23/05/18,0,0,0,13829.16,May,Wednesday,0,0,0,75
24/05/18,0,0,0,2996.03,May,Thursday,0,0,0,60
25/05/18,0,0,0,15755.4,May,Friday,0,0,0,69
26/05/18,0,0,0,15681.9,May,Saturday,0,0,0,77
27/05/18,0,0,0,239.78,May,Sunday,0,0,0,56
28/05/18,0,0,0,3014.13,May,Monday,0,0,0,57
29/05/18,0,0,0,67.7,May,Tuesday,0,0,0,45
30/05/18,0,0,0,6499.04,May,Wednesday,0,0,0,58
31/05/18,0,0,0,6463.59,May,Thursday,0,0,0,56
1/06/18,0,0,0,16297.01,June,Friday,0,0,0,71
2/06/18,0,0,0,18086.23,June,Saturday,0,0,0,87
3/06/18,0,0,0,22565.57,June,Sunday,0,0,0,92
4/06/18,1,0,0,18209.18,June,Monday,0,0,0,106
5/06/18,0,0,0,3041.24,June,Tuesday,0,0,0,74
6/06/18,0,0,0,8111.56,June,Wednesday,0,0,0,76
7/06/18,0,0,0,4750.8,June,Thursday,0,0,0,56
8/06/18,0,0,0,613.69,June,Friday,0,0,0,57
9/06/18,0,0,0,2752.91,June,Saturday,0,0,0,54
10/06/18,0,0,0,6461.27,June,Sunday,0,0,0,59
11/06/18,0,0,0,3047.06,June,Monday,0,0,0,56
12/06/18,0,0,0,6067.96,June,Tuesday,0,0,0,54
13/06/18,0,0,0,4741.31,June,Wednesday,0,0,0,62
14/06/18,0,0,0,11011.74,June,Thursday,0,0,0,62
15/06/18,0,0,0,3333.38,June,Friday,0,0,0,54
16/06/18,0,0,0,4745.31,June,Saturday,0,0,0,55
17/06/18,0,0,0,4746.72,June,Sunday,0,0,0,58
18/06/18,0,0,0,10986.86,June,Monday,0,0,0,61
19/06/18,0,0,0,13184.03,June,Tuesday,0,0,0,72
20/06/18,0,0,0,7480.97,June,Wednesday,0,0,0,69
21/06/18,1,0,0,12673.75,June,Thursday,0,0,0,82
22/06/18,0,0,0,5005.93,June,Friday,0,0,0,65
23/06/18,0,0,0,0.0,June,Saturday,0,0,0,53
24/06/18,0,0,0,403.52,June,Sunday,0,0,0,54
25/06/18,0,0,0,557.31,June,Monday,0,0,0,51
26/06/18,0,0,0,4230.0,June,Tuesday,0,0,0,58
27/06/18,0,0,0,18921.69,June,Wednesday,0,0,0,71
28/06/18,0,0,0,460.19,June,Thursday,0,0,0,60
29/06/18,0,0,0,15219.76,June,Friday,0,0,0,71
30/06/18,0,0,0,7511.09,June,Saturday,0,1,0,69
1/07/18,0,0,0,3098.81,July,Sunday,0,1,0,65
2/07/18,0,0,0,117.82,July,Monday,0,1,0,54
3/07/18,0,0,0,19125.26,July,Tuesday,0,1,0,78
4/07/18,0,0,0,173.45,July,Wednesday,0,1,0,58
5/07/18,0,0,0,11143.02,July,Thursday,0,1,0,74
6/07/18,0,0,0,9777.12,July,Friday,0,1,0,74
7/07/18,0,0,0,3817.51,July,Saturday,0,1,0,63
8/07/18,0,0,0,3030.61,July,Sunday,0,1,0,65
9/07/18,0,0,0,1207.53,July,Monday,0,1,0,61
10/07/18,0,0,0,4267.46,July,Tuesday,0,1,0,58
11/07/18,1,0,0,2140.36,July,Wednesday,0,1,0,70
12/07/18,0,0,0,6834.56,July,Thursday,0,1,0,62
13/07/18,0,0,0,10729.77,July,Friday,0,1,0,70
14/07/18,0,0,0,21653.7,July,Saturday,0,1,0,89
15/07/18,0,0,0,11035.43,July,Sunday,0,1,0,84
16/07/18,0,0,0,13126.89,July,Monday,0,1,0,83
17/07/18,0,0,0,6752.01,July,Tuesday,0,1,0,76
18/07/18,0,0,0,2449.69,July,Wednesday,0,1,0,62
19/07/18,0,0,0,13932.68,July,Thursday,0,1,0,76
20/07/18,0,0,0,7679.07,July,Friday,0,1,0,70
21/07/18,0,0,0,14211.81,July,Saturday,0,1,0,78
22/07/18,0,0,0,6426.26,July,Sunday,0,1,0,68
23/07/18,0,0,0,10111.4,July,Monday,0,1,0,70
24/07/18,0,0,0,8468.14,July,Tuesday,0,1,0,78
25/07/18,0,0,0,1039.03,July,Wednesday,0,1,0,57
26/07/18,0,0,0,5403.91,July,Thursday,0,1,0,61
27/07/18,1,0,0,5564.43,July,Friday,0,1,0,70
28/07/18,0,0,0,9169.1,July,Saturday,0,1,0,69
29/07/18,0,0,0,7414.29,July,Sunday,0,1,0,65
30/07/18,0,0,0,9396.5,July,Monday,0,1,0,70
31/07/18,0,0,0,8585.26,July,Tuesday,0,1,0,74
1/08/18,0,0,0,10796.08,August,Wednesday,0,1,0,82
2/08/18,0,0,0,179.6,August,Thursday,0,1,0,65
3/08/18,0,0,0,4801.84,August,Friday,0,1,0,66
4/08/18,0,0,0,14118.18,August,Saturday,0,1,0,73
5/08/18,0,0,0,22781.24,August,Sunday,0,1,0,92
6/08/18,0,0,0,15648.09,August,Monday,0,1,0,93
7/08/18,0,0,0,501.74,August,Tuesday,0,1,0,75
8/08/18,0,0,0,938.48,August,Wednesday,0,1,0,62
9/08/18,0,0,0,13288.02,August,Thursday,0,1,0,73
10/08/18,0,0,0,13070.41,August,Friday,0,1,0,81
11/08/18,0,0,0,11557.9,August,Saturday,0,1,0,86
12/08/18,0,0,0,11740.72,August,Sunday,0,1,0,80
13/08/18,0,0,0,13908.25,August,Monday,0,1,0,88
14/08/18,0,0,0,222.22,August,Tuesday,0,1,0,64
15/08/18,0,0,0,308.12,August,Wednesday,0,1,0,59
16/08/18,0,0,0,2939.96,August,Thursday,0,1,0,60
17/08/18,0,0,0,272.73,August,Friday,0,1,0,57
18/08/18,0,0,0,17212.29,August,Saturday,0,1,0,76
19/08/18,0,0,0,1426.82,August,Sunday,0,1,0,66
20/08/18,0,0,0,13692.47,August,Monday,0,1,0,81
21/08/18,0,0,0,20052.85,August,Tuesday,0,1,0,96
22/08/18,0,0,0,476.48,August,Wednesday,0,1,0,68
23/08/18,0,0,0,4103.26,August,Thursday,0,1,0,68
24/08/18,0,0,0,23424.55,August,Friday,0,1,0,96
25/08/18,0,0,0,3549.76,August,Saturday,0,1,0,73
26/08/18,0,0,0,9092.54,August,Sunday,0,1,0,77
27/08/18,0,0,0,10520.63,August,Monday,0,1,0,87
28/08/18,0,0,0,14202.26,August,Tuesday,0,1,0,79
29/08/18,0,0,0,9769.5,August,Wednesday,0,1,0,81
30/08/18,0,0,0,22001.9,August,Thursday,0,1,0,95
31/08/18,0,0,0,8248.15,August,Friday,0,1,0,79
1/09/18,0,0,0,1475.68,September,Saturday,0,1,0,77
2/09/18,1,0,0,9674.91,September,Sunday,0,1,0,97
3/09/18,0,0,0,8403.22,September,Monday,0,1,0,78
4/09/18,0,0,0,11768.51,September,Tuesday,0,1,0,92
5/09/18,0,0,0,17867.49,September,Wednesday,0,1,0,96
6/09/18,0,0,0,13798.03,September,Thursday,0,1,0,91
7/09/18,0,0,0,700.04,September,Friday,0,1,0,78
8/09/18,0,0,0,14152.38,September,Saturday,0,1,0,90
9/09/18,0,0,0,6451.82,September,Sunday,0,1,0,74
10/09/18,0,0,0,10540.67,September,Monday,0,1,0,87
11/09/18,0,0,0,6734.32,September,Tuesday,0,1,0,79
12/09/18,0,0,0,9443.69,September,Wednesday,0,1,0,81
13/09/18,0,0,0,6189.43,September,Thursday,0,1,0,78
14/09/18,0,0,0,1340.1,September,Friday,0,1,0,69
15/09/18,0,0,0,21008.38,September,Saturday,0,1,0,98
16/09/18,0,0,0,4902.72,September,Sunday,0,1,0,81
17/09/18,0,0,0,1259.18,September,Monday,0,1,0,76
18/09/18,0,0,0,5158.61,September,Tuesday,0,1,0,78
19/09/18,0,0,0,14691.8,September,Wednesday,0,1,0,89
20/09/18,0,0,0,1811.44,September,Thursday,0,1,0,68
21/09/18,0,0,0,5802.91,September,Friday,0,1,0,77
22/09/18,0,0,0,10058.54,September,Saturday,0,1,0,85
23/09/18,0,0,0,10256.38,September,Sunday,0,1,0,80
24/09/18,0,0,0,16145.17,September,Monday,0,1,0,93
25/09/18,0,0,0,2953.88,September,Tuesday,0,1,0,83
26/09/18,0,0,0,0.0,September,Wednesday,0,1,0,66
27/09/18,0,0,0,796.05,September,Thursday,0,1,0,65
28/09/18,0,0,0,3782.23,September,Friday,0,1,0,69
29/09/18,0,0,0,5977.72,September,Saturday,0,1,0,73
30/09/18,0,0,0,7811.28,September,Sunday,0,1,0,72
1/10/18,0,0,0,6579.92,October,Monday,0,1,0,85
2/10/18,0,0,0,6153.7,October,Tuesday,0,1,0,92
3/10/18,0,0,0,977.93,October,Wednesday,0,1,0,76
4/10/18,0,1,0,5236.41,October,Thursday,0,1,0,57
5/10/18,0,0,0,14567.15,October,Friday,0,1,0,92
6/10/18,0,0,0,1154.03,October,Saturday,0,1,0,85
7/10/18,0,0,0,9841.51,October,Sunday,0,1,0,90
8/10/18,0,0,0,11404.05,October,Monday,0,1,0,93
9/10/18,0,0,0,15911.6,October,Tuesday,0,1,0,106
10/10/18,0,0,0,2687.14,October,Wednesday,0,1,0,95
11/10/18,0,0,0,6103.23,October,Thursday,0,1,0,94
12/10/18,0,0,0,5345.77,October,Friday,0,1,0,87
13/10/18,0,0,0,3652.48,October,Saturday,0,1,0,76
14/10/18,0,0,0,7698.26,October,Sunday,0,1,0,88
15/10/18,0,0,0,11304.34,October,Monday,0,1,0,93
16/10/18,0,0,0,3078.16,October,Tuesday,0,1,0,83
17/10/18,0,0,0,2311.55,October,Wednesday,0,1,0,82
18/10/18,0,0,0,5364.15,October,Thursday,0,1,0,88
19/10/18,0,0,0,4976.06,October,Friday,0,1,0,91
20/10/18,0,0,0,16389.7,October,Saturday,0,1,0,97
21/10/18,1,0,0,4361.16,October,Sunday,0,1,0,95
22/10/18,0,0,0,4227.61,October,Monday,0,1,0,84
23/10/18,0,0,0,10372.03,October,Tuesday,0,1,0,90
24/10/18,0,0,0,10048.0,October,Wednesday,0,1,0,91
25/10/18,0,0,0,3237.81,October,Thursday,0,1,0,86
26/10/18,0,0,0,10473.71,October,Friday,0,1,0,95
27/10/18,0,0,0,17603.86,October,Saturday,0,1,0,109
28/10/18,0,0,0,918.03,October,Sunday,0,1,0,84
29/10/18,1,0,0,1241.47,October,Monday,0,1,0,95
30/10/18,0,0,0,13565.44,October,Tuesday,0,1,0,98
31/10/18,0,0,0,9298.8,October,Wednesday,0,1,0,89
1/11/18,0,0,0,10712.14,November,Thursday,0,1,0,111
2/11/18,0,0,0,451.22,November,Friday,0,1,0,97
3/11/18,0,0,0,4974.8,November,Saturday,0,1,0,106
4/11/18,0,0,0,7843.03,November,Sunday,0,1,0,107
5/11/18,0,0,0,1320.25,November,Monday,0,1,0,99
6/11/18,0,0,0,867.2,November,Tuesday,0,1,0,93
7/11/18,0,0,0,14942.41,November,Wednesday,0,1,0,110
8/11/18,0,0,0,360.05,November,Thursday,0,1,0,95
9/11/18,0,0,0,7375.8,November,Friday,0,1,0,111
10/11/18,0,0,0,2330.33,November,Saturday,0,1,0,101
11/11/18,0,0,0,18178.46,November,Sunday,0,1,0,121
12/11/18,0,0,0,25498.85,November,Monday,0,1,0,134
13/11/18,0,1,0,150.24,November,Tuesday,0,1,0,87
14/11/18,0,0,0,9543.42,November,Wednesday,0,1,0,118
15/11/18,0,0,0,10942.1,November,Thursday,0,1,0,117
16/11/18,0,0,0,12367.37,November,Friday,0,1,0,115
17/11/18,0,0,0,8998.67,November,Saturday,0,1,0,115
18/11/18,0,0,0,3987.49,November,Sunday,0,1,0,103
19/11/18,0,0,0,14661.3,November,Monday,0,1,0,117
20/11/18,0,0,0,14190.73,November,Tuesday,0,1,0,118
21/11/18,0,0,0,14092.89,November,Wednesday,0,1,0,124
22/11/18,0,0,0,6758.45,November,Thursday,0,1,0,115
23/11/18,0,0,0,936.42,November,Friday,0,1,0,101
24/11/18,0,0,0,4947.38,November,Saturday,0,1,0,107
25/11/18,0,0,0,7563.24,November,Sunday,0,1,0,100
26/11/18,0,0,0,7520.65,November,Monday,0,1,0,105
27/11/18,0,0,0,804.47,November,Tuesday,0,1,0,91
28/11/18,0,0,0,6330.12,November,Wednesday,0,1,0,110
29/11/18,1,0,0,3794.39,November,Thursday,0,1,0,112
30/11/18,0,0,0,2821.74,November,Friday,0,1,0,100
1/12/18,0,0,0,2214.32,December,Saturday,0,1,0,101
2/12/18,0,0,0,17177.08,December,Sunday,0,1,0,121
3/12/18,0,0,0,25474.47,December,Monday,0,1,0,141
4/12/18,0,0,0,9389.72,December,Tuesday,0,1,0,128
5/12/18,0,0,0,3379.82,December,Wednesday,0,1,0,114
6/12/18,0,0,0,3878.75,December,Thursday,0,1,0,109
7/12/18,0,0,0,1386.2,December,Friday,0,1,0,95
8/12/18,0,0,0,5983.88,December,Saturday,0,1,0,104
9/12/18,0,0,0,811.62,December,Sunday,0,1,0,99
10/12/18,0,0,0,8852.44,December,Monday,0,1,0,111
11/12/18,0,0,0,41400.93,December,Tuesday,0,1,0,162
12/12/18,0,0,0,21223.84,December,Wednesday,0,1,0,148
13/12/18,0,0,0,16564.49,December,Thursday,0,1,0,149
14/12/18,0,0,0,2130.1,December,Friday,0,1,0,129
15/12/18,0,0,0,7581.19,December,Saturday,0,1,0,119
16/12/18,0,0,0,28229.98,December,Sunday,0,1,0,145
17/12/18,0,0,0,11586.67,December,Monday,0,1,0,127
18/12/18,0,0,0,1623.13,December,Tuesday,0,1,0,114
19/12/18,0,0,0,2612.1,December,Wednesday,0,1,0,108
20/12/18,0,0,0,19986.11,December,Thursday,0,1,0,130
21/12/18,0,0,0,7339.08,December,Friday,0,1,0,114
22/12/18,0,0,0,2701.22,December,Saturday,0,1,0,111
23/12/18,0,0,0,6622.44,December,Sunday,0,1,0,111
24/12/18,0,0,0,2120.76,December,Monday,0,1,0,107
25/12/18,0,0,0,6221.51,December,Tuesday,0,1,0,108
26/12/18,0,0,0,3078.01,December,Wednesday,0,1,0,105
27/12/18,0,0,0,1409.28,December,Thursday,0,1,0,102
28/12/18,0,0,0,8506.82,December,Friday,0,1,0,107
29/12/18,0,0,0,9044.81,December,Saturday,0,1,0,113
30/12/18,0,0,0,2184.36,December,Sunday,0,1,0,104
31/12/18,0,0,0,8547.89,December,Monday,0,1,0,114
1/01/19,0,0,0,14230.5,January,Tuesday,0,1,0,62
2/01/19,0,0,0,17666.33,January,Wednesday,0,1,0,76
3/01/19,0,0,0,7229.0,January,Thursday,0,1,0,68
4/01/19,0,0,0,3049.48,January,Friday,0,1,0,56
5/01/19,0,0,0,10175.03,January,Saturday,0,1,0,57
6/01/19,0,0,0,9585.63,January,Sunday,0,1,0,60
7/01/19,0,0,0,5756.47,January,Monday,0,1,0,55
8/01/19,0,0,0,14333.06,January,Tuesday,0,1,0,70
9/01/19,0,0,0,2218.78,January,Wednesday,0,1,0,50
10/01/19,0,0,0,1074.32,January,Thursday,0,1,0,48
11/01/19,0,0,0,1059.05,January,Friday,0,1,0,38
12/01/19,0,0,0,8373.55,January,Saturday,0,1,0,51
13/01/19,0,0,0,4750.11,January,Sunday,0,1,0,48
14/01/19,0,0,0,9681.17,January,Monday,0,1,0,53
15/01/19,0,0,0,480.17,January,Tuesday,0,1,0,48
16/01/19,0,0,0,1971.75,January,Wednesday,0,1,0,47
17/01/19,0,0,0,9759.75,January,Thursday,0,1,0,53
18/01/19,0,0,0,11505.94,January,Friday,0,1,0,61
19/01/19,0,0,0,19162.18,January,Saturday,0,1,0,71
20/01/19,0,0,0,14990.87,January,Sunday,0,1,0,70
21/01/19,0,0,0,2054.02,January,Monday,0,1,0,49
22/01/19,0,0,0,12905.08,January,Tuesday,0,1,0,65
23/01/19,0,0,0,6200.19,January,Wednesday,0,1,0,56
24/01/19,0,0,0,8522.5,January,Thursday,0,1,0,64
25/01/19,0,0,0,12826.97,January,Friday,0,1,0,67
26/01/19,0,0,0,1212.94,January,Saturday,0,1,0,44
27/01/19,0,0,0,1733.89,January,Sunday,0,1,0,51
28/01/19,0,0,0,3278.27,January,Monday,0,1,0,41
29/01/19,0,0,0,9823.97,January,Tuesday,0,1,0,57
30/01/19,0,0,0,9844.55,January,Wednesday,0,1,0,60
31/01/19,0,0,0,17636.52,January,Thursday,0,1,0,68
1/02/19,0,0,0,21339.11,February,Friday,0,1,0,81
2/02/19,0,0,0,5276.07,February,Saturday,0,1,0,71
3/02/19,0,0,0,482.68,February,Sunday,0,1,0,60
4/02/19,0,0,0,2753.19,February,Monday,0,1,0,48
5/02/19,0,0,0,3597.27,February,Tuesday,0,1,0,45
6/02/19,1,0,0,10882.73,February,Wednesday,0,1,0,72
7/02/19,0,0,0,4263.71,February,Thursday,0,1,0,55
8/02/19,0,0,0,1224.16,February,Friday,0,1,0,46
9/02/19,0,0,0,1217.21,February,Saturday,0,1,0,44
10/02/19,0,0,0,468.65,February,Sunday,0,1,0,42
11/02/19,0,0,0,3234.7,February,Monday,0,1,0,48
12/02/19,0,0,0,12738.56,February,Tuesday,0,1,0,60
13/02/19,0,0,0,4559.33,February,Wednesday,0,1,0,49
14/02/19,0,0,0,724.55,February,Thursday,0,1,0,49
15/02/19,0,0,0,11929.94,February,Friday,0,1,0,64
16/02/19,0,0,0,14013.79,February,Saturday,0,1,0,65
17/02/19,0,0,0,1299.44,February,Sunday,0,1,0,53
18/02/19,0,0,0,13563.05,February,Monday,0,1,0,70
19/02/19,0,0,0,2273.92,February,Tuesday,0,1,0,49
20/02/19,0,0,0,5209.91,February,Wednesday,0,1,0,52
21/02/19,0,0,0,14120.46,February,Thursday,0,1,0,64
22/02/19,0,0,0,12485.66,February,Friday,0,1,0,65
23/02/19,0,0,0,6742.96,February,Saturday,0,1,0,59
24/02/19,0,0,0,21165.37,February,Sunday,0,1,0,80
25/02/19,0,0,0,2475.85,February,Monday,0,1,0,58
26/02/19,0,0,0,3622.85,February,Tuesday,0,1,0,52
27/02/19,0,0,0,22563.1,February,Wednesday,0,1,0,75
28/02/19,0,0,0,11751.93,February,Thursday,0,1,0,71
1/03/19,0,0,0,5270.78,March,Friday,0,1,0,62
2/03/19,0,0,0,7304.86,March,Saturday,0,1,0,63
3/03/19,0,0,0,6857.34,March,Sunday,0,1,0,63
4/03/19,0,0,0,5056.45,March,Monday,0,1,0,55
5/03/19,0,0,0,4042.47,March,Tuesday,0,1,0,55
6/03/19,0,0,0,3316.98,March,Wednesday,0,1,0,51
7/03/19,0,0,0,12799.09,March,Thursday,0,1,0,60
8/03/19,0,0,0,8229.61,March,Friday,0,1,0,61
9/03/19,0,0,0,0.0,March,Saturday,0,1,0,43
10/03/19,0,0,0,2654.89,March,Sunday,0,1,0,54
11/03/19,0,0,0,8573.09,March,Monday,0,1,0,60
12/03/19,0,0,0,3319.01,March,Tuesday,0,1,0,54
13/03/19,0,0,0,7470.49,March,Wednesday,0,1,0,66
14/03/19,1,0,0,3798.47,March,Thursday,0,1,0,64
15/03/19,0,0,0,15479.02,March,Friday,0,1,0,65
16/03/19,0,0,0,6153.37,March,Saturday,0,1,0,60
17/03/19,0,0,0,2370.52,March,Sunday,0,1,0,56
18/03/19,0,0,0,2201.9,March,Monday,0,1,0,52
19/03/19,0,0,0,4638.38,March,Tuesday,0,1,0,45
20/03/19,0,0,0,8886.34,March,Wednesday,0,1,0,55
21/03/19,0,0,0,12050.33,March,Thursday,0,1,0,65
22/03/19,0,0,0,4803.71,March,Friday,0,1,0,56
23/03/19,0,0,0,4503.47,March,Saturday,0,1,0,57
24/03/19,0,0,0,6856.93,March,Sunday,0,1,0,57
25/03/19,0,0,0,1912.5,March,Monday,0,1,0,46
26/03/19,0,0,0,1758.87,March,Tuesday,0,1,0,48
27/03/19,0,0,0,1915.08,March,Wednesday,0,1,0,47
28/03/19,0,0,0,4822.14,March,Thursday,0,1,0,46
29/03/19,0,0,0,10544.16,March,Friday,0,1,0,61
30/03/19,0,0,0,15363.58,March,Saturday,0,1,0,71
31/03/19,0,0,0,16313.01,March,Sunday,0,1,0,81
1/04/19,0,0,0,13942.89,April,Monday,0,1,0,77
2/04/19,0,0,0,9462.42,April,Tuesday,0,1,0,70
3/04/19,1,0,0,8488.63,April,Wednesday,0,1,0,77
4/04/19,0,0,0,4676.92,April,Thursday,0,1,0,60
5/04/19,0,0,0,2706.94,April,Friday,0,1,0,59
6/04/19,0,0,0,7386.14,April,Saturday,0,1,0,62
7/04/19,0,0,0,6435.03,April,Sunday,0,1,0,61
8/04/19,0,0,0,958.6,April,Monday,0,1,0,51
9/04/19,0,0,0,8808.68,April,Tuesday,0,1,0,62
10/04/19,0,0,0,12508.66,April,Wednesday,0,1,0,65
11/04/19,0,0,0,6094.75,April,Thursday,0,1,0,61
12/04/19,0,0,0,4381.47,April,Friday,0,1,0,62
13/04/19,0,0,0,19834.54,April,Saturday,0,1,0,77
14/04/19,0,0,0,14385.33,April,Sunday,0,1,0,78
15/04/19,0,0,0,3128.56,April,Monday,0,1,0,58
16/04/19,0,0,0,12926.43,April,Tuesday,0,1,0,73
17/04/19,0,0,0,5820.86,April,Wednesday,0,1,0,61
18/04/19,0,0,0,13632.69,April,Thursday,0,1,0,73
19/04/19,0,0,0,12276.38,April,Friday,0,1,0,76
20/04/19,0,0,0,7716.12,April,Saturday,0,1,0,65
21/04/19,0,0,0,6225.45,April,Sunday,0,1,0,66
22/04/19,0,0,0,7532.29,April,Monday,0,1,0,63
23/04/19,0,0,0,1452.24,April,Tuesday,0,1,0,57
24/04/19,0,0,0,12278.25,April,Wednesday,0,1,0,62
25/04/19,0,0,0,3295.46,April,Thursday,0,1,0,57
26/04/19,0,0,0,2096.13,April,Friday,0,1,0,54
27/04/19,0,0,0,1682.97,April,Saturday,0,1,0,53
28/04/19,0,0,0,3808.24,April,Sunday,0,1,0,48
29/04/19,0,0,0,3661.26,April,Monday,0,1,0,49
30/04/19,0,0,0,11561.24,April,Tuesday,0,1,0,64
1/05/19,0,0,0,12691.26,May,Wednesday,0,1,0,77
2/05/19,0,0,0,4382.11,May,Thursday,0,1,0,66
3/05/19,0,0,0,19137.27,May,Friday,0,1,0,84
4/05/19,0,0,0,11594.12,May,Saturday,0,1,0,78
5/05/19,0,0,0,1202.55,May,Sunday,0,1,0,58
6/05/19,0,0,0,0.0,May,Monday,0,1,0,59
7/05/19,0,0,0,3829.01,May,Tuesday,0,1,0,53
8/05/19,0,0,0,9505.3,May,Wednesday,0,1,0,62
9/05/19,0,0,0,17483.65,May,Thursday,0,1,0,77
10/05/19,0,0,0,7065.64,May,Friday,0,1,0,66
11/05/19,1,0,0,24223.95,May,Saturday,0,1,0,105
12/05/19,0,0,0,5494.99,May,Sunday,0,1,0,73
13/05/19,0,0,0,3491.68,May,Monday,0,1,0,60
14/05/19,0,0,0,3772.96,May,Tuesday,0,1,0,63
15/05/19,0,0,0,1165.69,May,Wednesday,0,1,0,52
16/05/19,0,0,0,8874.9,May,Thursday,0,1,0,66
17/05/19,0,0,0,13330.71,May,Friday,0,1,0,65
18/05/19,0,0,0,1263.86,May,Saturday,0,1,0,56
19/05/19,0,0,0,1388.63,May,Sunday,0,1,0,52
20/05/19,0,0,0,12661.6,May,Monday,0,1,0,67
21/05/19,0,0,0,10802.78,May,Tuesday,0,1,0,69
22/05/19,0,0,0,7529.16,May,Wednesday,0,1,0,70
23/05/19,0,0,0,3404.13,May,Thursday,0,1,0,67
24/05/19,0,0,0,6551.73,May,Friday,0,1,0,61
25/05/19,0,0,0,2142.07,May,Saturday,0,1,0,57
26/05/19,0,0,0,3850.54,May,Sunday,0,1,0,54
27/05/19,0,0,0,326.88,May,Monday,0,1,0,50
28/05/19,0,0,0,3417.69,May,Tuesday,0,1,0,53
29/05/19,0,0,0,728.94,May,Wednesday,0,1,0,53
30/05/19,0,0,0,10215.89,May,Thursday,0,1,0,62
31/05/19,0,0,0,544.76,May,Friday,0,1,0,51
1/06/19,1,0,0,12557.68,June,Saturday,0,1,0,85
2/06/19,0,0,0,797.93,June,Sunday,0,1,0,60
3/06/19,0,0,0,7986.98,June,Monday,0,1,0,66
4/06/19,0,0,0,19634.66,June,Tuesday,0,1,0,87
5/06/19,0,0,0,26661.0,June,Wednesday,0,1,0,102
6/06/19,0,0,0,12028.2,June,Thursday,0,1,0,85
7/06/19,0,0,0,9122.32,June,Friday,0,1,0,81
8/06/19,0,0,0,5555.9,June,Saturday,0,1,0,69
9/06/19,0,0,0,3321.03,June,Sunday,0,1,0,67
10/06/19,0,0,0,13312.93,June,Monday,0,1,0,72
11/06/19,0,0,0,22942.67,June,Tuesday,0,1,0,93
12/06/19,0,0,0,4970.95,June,Wednesday,0,1,0,69
13/06/19,0,0,0,355.99,June,Thursday,0,1,0,56
14/06/19,0,0,0,10105.04,June,Friday,0,1,0,74
15/06/19,0,1,0,24266.76,June,Saturday,0,1,0,64
16/06/19,0,0,0,7271.06,June,Sunday,0,1,0,82
17/06/19,0,0,0,17440.97,June,Monday,0,1,0,90
18/06/19,0,0,0,13684.32,June,Tuesday,0,1,0,85
19/06/19,0,0,0,4776.49,June,Wednesday,0,1,0,70
20/06/19,0,0,0,11800.28,June,Thursday,0,1,0,82
21/06/19,0,0,0,23215.81,June,Friday,0,1,0,86
22/06/19,0,0,0,10537.89,June,Saturday,0,1,0,78
23/06/19,0,0,0,1472.46,June,Sunday,0,1,0,68
24/06/19,0,0,0,2938.91,June,Monday,0,1,0,62
25/06/19,0,0,0,1948.58,June,Tuesday,0,1,0,55
26/06/19,0,0,0,1849.35,June,Wednesday,0,1,0,58
27/06/19,0,0,0,3184.69,June,Thursday,0,1,0,56
28/06/19,0,0,0,18701.75,June,Friday,0,1,0,79
29/06/19,0,0,0,16213.94,June,Saturday,0,1,0,82
30/06/19,0,0,0,8666.05,June,Sunday,0,1,0,74
1/07/19,0,0,0,1943.28,July,Monday,0,1,0,77
2/07/19,0,0,0,7956.31,July,Tuesday,0,1,0,76
3/07/19,0,0,0,13733.95,July,Wednesday,0,1,0,80
4/07/19,0,0,0,20245.56,July,Thursday,0,1,0,94
5/07/19,0,0,0,14332.72,July,Friday,0,1,0,94
6/07/19,0,0,0,1712.24,July,Saturday,0,1,0,75
7/07/19,0,0,0,16982.56,July,Sunday,0,1,0,89
8/07/19,0,0,0,5214.1,July,Monday,0,1,0,79
9/07/19,0,0,0,5896.46,July,Tuesday,0,1,0,73
10/07/19,0,0,0,8989.88,July,Wednesday,0,1,0,77
11/07/19,0,0,0,13271.11,July,Thursday,0,1,0,82
12/07/19,0,0,0,5149.78,July,Friday,0,1,0,69
13/07/19,0,0,0,6949.06,July,Saturday,0,1,0,78
14/07/19,0,0,0,1503.39,July,Sunday,0,1,0,65
15/07/19,0,0,0,10703.78,July,Monday,0,1,0,75
16/07/19,0,0,0,23775.72,July,Tuesday,0,1,0,97
17/07/19,0,0,0,5694.93,July,Wednesday,0,1,0,77
18/07/19,0,0,0,13463.07,July,Thursday,0,1,0,85
19/07/19,0,0,0,2921.36,July,Friday,0,1,0,75
20/07/19,0,0,0,161.58,July,Saturday,0,1,0,66
21/07/19,0,0,0,679.99,July,Sunday,0,1,0,62
22/07/19,0,0,0,3971.28,July,Monday,0,1,0,65
23/07/19,0,0,0,13395.48,July,Tuesday,0,1,0,78
24/07/19,0,0,0,7654.22,July,Wednesday,0,1,0,77
25/07/19,0,0,0,871.53,July,Thursday,0,1,0,66
26/07/19,0,0,0,10080.46,July,Friday,0,1,0,77
27/07/19,0,0,0,992.07,July,Saturday,0,1,0,62
28/07/19,0,0,0,17441.18,July,Sunday,0,1,0,82
29/07/19,0,0,0,3371.07,July,Monday,0,1,0,76
30/07/19,0,0,0,18388.06,July,Tuesday,0,1,0,87
31/07/19,0,0,0,4172.14,July,Wednesday,0,1,0,72
1/08/19,0,0,0,8149.26,August,Thursday,0,1,0,79
2/08/19,0,0,0,4004.48,August,Friday,0,1,0,67
3/08/19,0,0,0,7551.19,August,Saturday,0,1,0,78
4/08/19,0,0,0,11719.93,August,Sunday,0,1,0,81
5/08/19,0,0,0,1899.32,August,Monday,0,1,0,70
6/08/19,0,0,0,13068.74,August,Tuesday,0,1,0,83
7/08/19,0,0,0,0.0,August,Wednesday,0,1,0,68
8/08/19,0,0,0,5455.58,August,Thursday,0,1,0,66
9/08/19,0,0,0,0.0,August,Friday,0,1,0,60
10/08/19,0,0,0,5351.93,August,Saturday,0,1,0,75
11/08/19,0,0,0,1330.86,August,Sunday,0,1,0,62
12/08/19,0,0,0,12174.23,August,Monday,0,1,0,70
13/08/19,0,0,0,8135.26,August,Tuesday,0,1,0,76
14/08/19,0,0,0,2293.57,August,Wednesday,0,1,0,70
15/08/19,0,0,0,10566.06,August,Thursday,0,1,0,83
16/08/19,0,0,0,13214.19,August,Friday,0,1,0,80
17/08/19,0,0,0,12955.34,August,Saturday,0,1,0,85
18/08/19,0,0,0,14844.58,August,Sunday,0,1,0,86
19/08/19,0,0,0,10514.43,August,Monday,0,1,0,88
20/08/19,0,0,0,5549.7,August,Tuesday,0,1,0,81
21/08/19,0,0,0,1636.53,August,Wednesday,0,1,0,74
22/08/19,0,0,0,8929.99,August,Thursday,0,1,0,74
23/08/19,0,0,0,1324.81,August,Friday,0,1,0,67
24/08/19,0,0,0,0.0,August,Saturday,0,1,0,60
25/08/19,0,0,0,5300.39,August,Sunday,0,1,0,66
26/08/19,0,0,0,21568.59,August,Monday,0,1,0,92
27/08/19,0,0,0,14105.13,August,Tuesday,0,1,0,83
28/08/19,0,0,0,1321.56,August,Wednesday,0,1,0,71
29/08/19,0,0,0,10131.94,August,Thursday,0,1,0,85
30/08/19,0,0,0,19933.51,August,Friday,0,1,0,97
31/08/19,0,0,0,9931.8,August,Saturday,0,1,0,84
1/09/19,0,0,0,274.14,September,Sunday,0,1,0,80
2/09/19,0,0,0,15986.43,September,Monday,0,1,0,100
3/09/19,0,0,0,22892.3,September,Tuesday,0,1,0,109
4/09/19,0,0,0,5295.68,September,Wednesday,0,1,0,94
5/09/19,0,0,0,5813.4,September,Thursday,0,1,0,93
6/09/19,0,0,0,13381.5,September,Friday,0,1,0,97
7/09/19,0,0,0,12331.91,September,Saturday,0,1,0,91
8/09/19,0,0,0,1452.76,September,Sunday,0,1,0,77
9/09/19,0,0,0,9864.86,September,Monday,0,1,0,89
10/09/19,0,0,0,3713.68,September,Tuesday,0,1,0,83
11/09/19,0,0,0,11524.28,September,Wednesday,0,1,0,88
12/09/19,0,0,0,11353.84,September,Thursday,0,1,0,92
13/09/19,0,0,0,2950.48,September,Friday,0,1,0,83
14/09/19,0,0,0,18328.06,September,Saturday,0,1,0,102
15/09/19,1,0,0,7327.92,September,Sunday,0,1,0,101
16/09/19,0,0,0,7303.82,September,Monday,0,1,0,86
17/09/19,0,0,0,2736.75,September,Tuesday,0,1,0,76
18/09/19,0,1,0,20562.93,September,Wednesday,0,1,0,74
19/09/19,0,0,0,17482.83,September,Thursday,0,1,0,102
20/09/19,0,0,0,6083.07,September,Friday,0,1,0,90
21/09/19,0,0,0,13724.73,September,Saturday,0,1,0,105
22/09/19,0,0,0,11277.39,September,Sunday,0,1,0,98
23/09/19,0,0,0,6818.82,September,Monday,0,1,0,87
24/09/19,0,0,0,6995.1,September,Tuesday,0,1,0,81
25/09/19,0,0,0,4855.79,September,Wednesday,0,1,0,82
26/09/19,0,0,0,3512.06,September,Thursday,0,1,0,73
27/09/19,0,0,0,31716.84,September,Friday,0,1,0,119
28/09/19,0,0,0,19647.69,September,Saturday,0,1,0,109
29/09/19,0,0,0,2499.37,September,Sunday,0,1,0,92
30/09/19,0,0,0,5984.91,September,Monday,0,1,0,86
1/10/19,0,0,0,17664.16,October,Tuesday,0,1,0,102
2/10/19,1,0,0,9666.81,October,Wednesday,0,1,0,112
3/10/19,0,0,0,1734.1,October,Thursday,0,1,0,84
4/10/19,0,0,0,232.75,October,Friday,0,1,0,86
5/10/19,1,0,0,644.04,October,Saturday,0,1,0,89
6/10/19,0,0,0,1527.29,October,Sunday,0,1,0,77
7/10/19,0,0,0,4122.6,October,Monday,0,1,0,78
8/10/19,0,0,0,181.7,October,Tuesday,0,1,0,71
9/10/19,0,0,0,3698.35,October,Wednesday,0,1,0,78
10/10/19,0,0,0,14392.59,October,Thursday,0,1,0,95
11/10/19,0,0,0,523.38,October,Friday,0,1,0,82
12/10/19,0,0,0,10310.35,October,Saturday,0,1,0,93
13/10/19,0,0,0,2083.05,October,Sunday,0,1,0,84
14/10/19,0,0,0,5136.45,October,Monday,0,1,0,76
15/10/19,0,0,0,3474.38,October,Tuesday,0,1,0,80
16/10/19,0,0,0,1372.76,October,Wednesday,0,1,0,76
17/10/19,0,0,0,9743.64,October,Thursday,0,1,0,95
18/10/19,0,0,0,7940.32,October,Friday,0,1,0,90
19/10/19,0,0,0,817.09,October,Saturday,0,1,0,82
20/10/19,0,0,0,9103.61,October,Sunday,0,1,0,89
21/10/19,0,0,1,1030.46,October,Monday,0,1,0,81
22/10/19,0,0,1,19548.81,October,Tuesday,0,1,0,101
23/10/19,0,0,1,3572.53,October,Wednesday,0,1,0,87
24/10/19,0,0,1,1336.88,October,Thursday,0,1,0,84
25/10/19,0,0,1,3888.81,October,Friday,0,1,0,87
26/10/19,0,0,1,12053.16,October,Saturday,0,1,0,91
27/10/19,1,0,1,10005.09,October,Sunday,0,1,0,106
28/10/19,0,0,1,9727.32,October,Monday,0,1,0,94
29/10/19,0,0,1,4584.61,October,Tuesday,0,1,0,87
30/10/19,0,0,1,5730.82,October,Wednesday,0,1,0,89
31/10/19,0,0,1,21342.04,October,Thursday,0,1,0,110
1/11/19,0,0,1,14077.38,November,Friday,0,1,0,126
2/11/19,0,0,1,3315.36,November,Saturday,0,1,0,110
3/11/19,0,0,1,6698.83,November,Sunday,0,1,0,112
4/11/19,0,0,1,1716.48,November,Monday,0,1,0,101
5/11/19,0,0,1,9334.59,November,Tuesday,0,1,0,106
6/11/19,0,0,1,3940.27,November,Wednesday,0,1,0,104
7/11/19,0,0,1,5260.06,November,Thursday,0,1,0,105
8/11/19,0,0,1,5558.48,November,Friday,0,1,0,109
9/11/19,0,0,1,11962.32,November,Saturday,0,1,0,112
10/11/19,0,0,1,15175.35,November,Sunday,0,1,0,123
11/11/19,0,0,1,3140.67,November,Monday,0,1,0,101
12/11/19,0,0,1,759.08,November,Tuesday,0,1,0,100
13/11/19,0,0,1,5578.91,November,Wednesday,0,1,0,100
14/11/19,0,0,1,7824.35,November,Thursday,0,1,0,106
15/11/19,0,0,1,24521.61,November,Friday,0,1,0,134
16/11/19,1,0,1,23778.49,November,Saturday,0,1,0,151
17/11/19,0,0,1,7691.57,November,Sunday,0,1,0,126
18/11/19,0,0,1,2120.72,November,Monday,0,1,0,114
19/11/19,0,0,1,214.25,November,Tuesday,0,1,0,101
20/11/19,0,0,1,18440.98,November,Wednesday,0,1,0,125
21/11/19,0,0,1,4782.5,November,Thursday,0,1,0,110
22/11/19,0,0,1,266.83,November,Friday,0,1,0,101
23/11/19,0,0,1,10529.47,November,Saturday,0,1,0,112
24/11/19,0,0,1,12.7,November,Sunday,0,1,0,95
25/11/19,0,0,1,1360.47,November,Monday,0,1,0,98
26/11/19,0,0,1,10882.28,November,Tuesday,0,1,0,105
27/11/19,0,0,1,705.83,November,Wednesday,0,1,0,100
28/11/19,0,0,1,15964.16,November,Thursday,0,1,0,114
29/11/19,0,0,1,19782.72,November,Friday,0,1,0,124
30/11/19,0,0,1,26136.77,November,Saturday,0,1,0,141
1/12/19,0,0,1,2057.68,December,Sunday,0,1,0,119
2/12/19,0,1,1,6379.33,December,Monday,0,1,0,98
3/12/19,0,0,1,16529.48,December,Tuesday,0,1,0,128
4/12/19,0,0,1,335.28,December,Wednesday,0,1,0,108
5/12/19,0,0,1,8625.38,December,Thursday,0,1,0,113
6/12/19,0,0,1,17618.77,December,Friday,0,1,0,123
7/12/19,0,0,1,12196.42,December,Saturday,0,1,0,123
8/12/19,0,0,1,8091.66,December,Sunday,0,1,0,121
9/12/19,0,0,1,5707.46,December,Monday,0,1,0,115
10/12/19,0,0,1,1884.24,December,Tuesday,0,1,0,110
11/12/19,0,0,1,6746.69,December,Wednesday,0,1,0,108
12/12/19,0,0,1,8959.0,December,Thursday,0,1,0,110
13/12/19,0,0,1,13791.74,December,Friday,0,1,0,118
14/12/19,0,0,1,10165.06,December,Saturday,0,1,0,116
15/12/19,0,0,1,7577.56,December,Sunday,0,1,0,115
16/12/19,0,0,1,844.26,December,Monday,0,1,0,107
17/12/19,0,0,1,11770.23,December,Tuesday,0,1,0,112
18/12/19,0,0,1,9276.82,December,Wednesday,0,1,0,116
19/12/19,0,0,1,13416.79,December,Thursday,0,1,0,129
20/12/19,0,0,1,10756.84,December,Friday,0,1,0,112
21/12/19,0,0,1,2238.25,December,Saturday,0,1,0,110
22/12/19,0,0,1,13193.73,December,Sunday,0,1,0,122
23/12/19,0,0,1,5793.96,December,Monday,0,1,0,109
24/12/19,0,0,1,31033.99,December,Tuesday,0,1,0,144
25/12/19,0,0,1,839.51,December,Wednesday,0,1,0,125
26/12/19,0,0,1,9007.03,December,Thursday,0,1,0,117
27/12/19,0,0,1,8497.72,December,Friday,0,1,0,117
28/12/19,0,0,1,16838.95,December,Saturday,0,1,0,126
29/12/19,0,0,1,5396.5,December,Sunday,0,1,0,108
30/12/19,0,0,1,9553.37,December,Monday,0,1,0,114
31/12/19,0,0,1,575.4,December,Tuesday,0,1,0,102
1/01/20,0,0,1,2314.38,January,Wednesday,0,1,0,42
2/01/20,0,0,1,975.38,January,Thursday,0,1,0,43
3/01/20,0,0,1,6257.33,January,Friday,0,1,0,46
4/01/20,0,0,1,358.66,January,Saturday,0,1,0,36
5/01/20,0,0,1,9894.14,January,Sunday,0,1,0,55
6/01/20,0,0,1,16939.35,January,Monday,0,1,0,69
7/01/20,0,0,1,4186.16,January,Tuesday,0,1,0,59
8/01/20,0,0,1,10691.14,January,Wednesday,0,1,0,57
9/01/20,0,0,1,6113.87,January,Thursday,0,1,0,55
10/01/20,0,0,1,18790.26,January,Friday,0,1,0,68
11/01/20,0,0,1,3328.2,January,Saturday,0,1,0,52
12/01/20,0,0,1,9207.69,January,Sunday,0,1,0,61
13/01/20,0,0,1,0.0,January,Monday,0,1,0,49
14/01/20,0,0,1,17664.44,January,Tuesday,0,1,0,61
15/01/20,0,0,1,9449.04,January,Wednesday,0,1,0,64
16/01/20,0,0,1,1111.78,January,Thursday,0,1,0,48
17/01/20,0,0,1,5292.91,January,Friday,0,1,0,49
18/01/20,0,0,1,19079.73,January,Saturday,0,1,0,65
19/01/20,0,0,1,1219.36,January,Sunday,0,1,0,52
20/01/20,0,0,1,5921.96,January,Monday,0,1,0,49
21/01/20,0,0,1,15728.83,January,Tuesday,0,1,0,64
22/01/20,0,0,1,934.68,January,Wednesday,0,1,0,49
23/01/20,0,0,1,12681.33,January,Thursday,0,1,0,64
24/01/20,0,0,1,9967.66,January,Friday,0,1,0,54
25/01/20,0,0,1,15618.9,January,Saturday,0,1,0,68
26/01/20,0,0,1,5787.98,January,Sunday,0,1,0,52
27/01/20,0,0,1,8370.64,January,Monday,0,1,0,62
28/01/20,0,0,1,18977.08,January,Tuesday,0,1,0,71
29/01/20,0,0,1,3022.27,January,Wednesday,0,1,0,58
30/01/20,0,0,1,8990.3,January,Thursday,0,1,0,58
31/01/20,0,0,1,3340.16,January,Friday,0,1,0,51
1/02/20,0,0,1,3691.08,February,Saturday,0,1,0,50
2/02/20,0,0,1,20802.29,February,Sunday,0,1,0,78
3/02/20,0,0,1,1915.97,February,Monday,0,1,0,58
4/02/20,0,0,1,2285.2,February,Tuesday,0,1,0,49
5/02/20,0,0,1,11598.92,February,Wednesday,0,1,0,60
6/02/20,0,0,1,6524.79,February,Thursday,0,1,0,54
7/02/20,0,0,1,2085.99,February,Friday,0,1,0,52
8/02/20,0,0,1,2520.2,February,Saturday,0,1,0,48
9/02/20,0,0,1,947.29,February,Sunday,0,1,0,44
10/02/20,0,0,1,13443.2,February,Monday,0,1,0,58
11/02/20,0,0,1,10007.72,February,Tuesday,0,1,0,59
12/02/20,0,0,1,5931.01,February,Wednesday,0,1,0,57
13/02/20,0,0,1,9562.38,February,Thursday,0,1,0,66
14/02/20,0,0,1,4721.74,February,Friday,0,1,0,55
15/02/20,0,0,1,1373.22,February,Saturday,0,1,0,54
16/02/20,0,0,1,21498.39,February,Sunday,0,1,0,73
17/02/20,0,0,1,1011.1,February,Monday,0,1,0,55
18/02/20,0,0,1,10695.59,February,Tuesday,0,1,0,65
19/02/20,0,0,1,20755.8,February,Wednesday,0,1,0,78
20/02/20,0,0,1,4730.82,February,Thursday,0,1,0,67
21/02/20,0,0,1,414.54,February,Friday,0,1,0,57
22/02/20,0,0,1,1589.51,February,Saturday,0,1,0,46
23/02/20,0,0,1,10113.13,February,Sunday,0,1,0,57
24/02/20,0,0,1,4283.74,February,Monday,0,1,0,52
25/02/20,0,0,1,8803.28,February,Tuesday,0,1,0,61
26/02/20,0,0,1,3479.44,February,Wednesday,0,1,0,57
27/02/20,0,0,1,12454.71,February,Thursday,0,1,0,64
28/02/20,0,0,1,9503.14,February,Friday,0,1,0,65
29/02/20,0,1,1,4829.56,February,Saturday,0,1,0,37
1/03/20,0,0,1,3295.65,March,Sunday,0,1,0,57
2/03/20,0,0,1,4961.46,March,Monday,0,1,0,52
3/03/20,0,0,1,7765.47,March,Tuesday,0,1,0,59
4/03/20,0,0,1,3169.81,March,Wednesday,0,1,0,51
5/03/20,0,0,1,8539.44,March,Thursday,0,1,0,59
6/03/20,0,0,1,7170.11,March,Friday,0,1,0,59
7/03/20,0,0,1,12778.25,March,Saturday,0,1,0,64
8/03/20,0,0,1,1497.31,March,Sunday,0,1,0,51
9/03/20,0,0,1,16159.3,March,Monday,0,1,0,69
10/03/20,0,0,1,15996.18,March,Tuesday,0,1,0,74
11/03/20,0,0,1,208.97,March,Wednesday,0,1,0,52
12/03/20,0,0,1,894.81,March,Thursday,0,1,0,49
13/03/20,0,0,1,9391.05,March,Friday,0,1,0,58
14/03/20,0,0,1,26330.86,March,Saturday,0,1,0,81
15/03/20,0,0,1,4019.86,March,Sunday,0,1,0,66
16/03/20,0,0,1,10241.78,March,Monday,0,1,0,71
17/03/20,0,0,1,10241.51,March,Tuesday,0,1,0,68
18/03/20,0,0,1,22448.73,March,Wednesday,0,1,0,83
19/03/20,1,0,1,8088.82,March,Thursday,0,1,0,78
20/03/20,0,0,1,9198.17,March,Friday,0,1,0,69
21/03/20,0,0,1,6769.03,March,Saturday,0,1,0,68
22/03/20,0,0,1,5752.42,March,Sunday,0,1,0,56
23/03/20,0,0,1,10670.57,March,Monday,0,1,0,65
24/03/20,0,0,1,662.62,March,Tuesday,0,1,0,52
25/03/20,0,0,1,6840.77,March,Wednesday,0,1,1,25
26/03/20,0,0,1,1720.06,March,Thursday,0,1,1,20
27/03/20,0,0,1,10922.44,March,Friday,0,1,1,30
28/03/20,0,0,1,3777.87,March,Saturday,0,1,1,21
29/03/20,0,0,1,5706.78,March,Sunday,0,1,1,19
30/03/20,0,0,1,12571.13,March,Monday,0,1,1,31
31/03/20,0,0,1,595.91,March,Tuesday,0,1,1,11
1/04/20,0,0,1,4325.72,April,Wednesday,0,1,1,28
2/04/20,0,0,1,1264.57,April,Thursday,0,1,1,12
3/04/20,0,0,1,22313.31,April,Friday,0,1,1,44
4/04/20,0,0,1,11060.11,April,Saturday,0,1,1,39
5/04/20,0,0,1,1478.69,April,Sunday,0,1,1,28
6/04/20,0,0,1,18161.4,April,Monday,0,1,1,47
7/04/20,0,0,1,2633.55,April,Tuesday,0,1,1,23
8/04/20,0,0,1,2682.81,April,Wednesday,0,1,1,25
9/04/20,0,0,1,6713.56,April,Thursday,0,1,1,21
10/04/20,0,0,1,5778.24,April,Friday,0,1,1,22
11/04/20,0,0,1,13122.59,April,Saturday,0,1,1,28
12/04/20,0,0,1,3235.7,April,Sunday,0,1,1,22
13/04/20,0,0,1,12264.09,April,Monday,0,1,1,30
14/04/20,0,0,1,7121.73,April,Tuesday,0,1,1,25
15/04/20,0,0,1,6796.9,April,Wednesday,0,1,1,26
16/04/20,0,0,1,10704.23,April,Thursday,0,1,1,30
17/04/20,0,0,1,4951.47,April,Friday,0,1,1,23
18/04/20,1,0,1,1082.08,April,Saturday,0,1,1,28
19/04/20,0,0,1,11927.36,April,Sunday,0,1,1,31
20/04/20,0,0,1,1903.42,April,Monday,0,1,1,17
21/04/20,0,0,1,8795.57,April,Tuesday,0,1,1,25
22/04/20,0,0,1,986.86,April,Wednesday,0,1,1,21
23/04/20,0,0,1,16222.09,April,Thursday,0,1,1,34
24/04/20,0,0,1,6890.51,April,Friday,0,1,1,28
25/04/20,0,0,1,6658.06,April,Saturday,0,1,1,26
26/04/20,0,0,1,10270.21,April,Sunday,0,1,1,31
27/04/20,0,0,1,7102.27,April,Monday,0,1,1,30
28/04/20,0,0,1,0.0,April,Tuesday,0,1,1,17
29/04/20,0,0,1,16.95,April,Wednesday,0,1,1,11
30/04/20,0,0,1,3079.48,April,Thursday,0,1,1,16
1/05/20,0,0,1,8710.77,May,Friday,0,1,1,21
2/05/20,0,0,1,7822.54,May,Saturday,0,1,1,27
3/05/20,0,0,1,3816.34,May,Sunday,0,1,1,25
4/05/20,0,0,1,4119.49,May,Monday,0,1,1,25
5/05/20,1,0,1,10260.56,May,Tuesday,0,1,1,45
6/05/20,0,0,1,5854.08,May,Wednesday,0,1,1,28
7/05/20,0,0,1,2040.43,May,Thursday,0,1,1,16
8/05/20,0,0,1,14373.78,May,Friday,0,1,1,34
9/05/20,0,0,1,306.19,May,Saturday,0,1,1,20
10/05/20,0,0,1,4738.6,May,Sunday,0,1,1,21
11/05/20,0,0,1,14115.9,May,Monday,0,1,1,42
12/05/20,0,0,1,10453.84,May,Tuesday,0,1,1,34
13/05/20,0,0,1,6331.07,May,Wednesday,0,1,1,35
14/05/20,0,0,1,16979.76,May,Thursday,0,1,1,46
15/05/20,0,0,1,5030.03,May,Friday,0,1,1,38
16/05/20,0,0,1,12377.0,May,Saturday,0,1,0,77
17/05/20,0,0,1,13821.18,May,Sunday,0,1,0,82
18/05/20,0,0,1,1296.59,May,Monday,0,1,0,54
19/05/20,0,0,1,18017.93,May,Tuesday,0,1,0,74
20/05/20,0,0,1,281.45,May,Wednesday,0,1,0,53
21/05/20,0,0,1,9845.8,May,Thursday,0,1,0,65
22/05/20,0,0,1,16298.53,May,Friday,0,1,0,82
23/05/20,0,0,1,3050.4,May,Saturday,0,1,0,56
24/05/20,0,0,1,1394.25,May,Sunday,0,1,0,58
25/05/20,0,0,1,1632.01,May,Monday,0,1,0,54
26/05/20,0,0,1,9957.24,May,Tuesday,0,1,0,61
27/05/20,0,0,1,4265.34,May,Wednesday,0,1,0,48
28/05/20,0,0,1,11801.85,May,Thursday,0,1,0,68
29/05/20,0,0,1,12442.49,May,Friday,0,1,0,70
30/05/20,0,0,1,2041.52,May,Saturday,0,1,0,56
31/05/20,0,0,1,3322.32,May,Sunday,0,1,0,55
1/06/20,0,0,1,9611.3,June,Monday,0,1,0,64
2/06/20,0,0,1,4346.8,June,Tuesday,0,1,0,61
3/06/20,0,0,1,2633.18,June,Wednesday,0,1,0,57
4/06/20,0,0,1,14343.65,June,Thursday,0,1,0,72
5/06/20,0,0,1,17440.08,June,Friday,0,1,0,75
6/06/20,0,0,1,6751.27,June,Saturday,0,1,0,68
7/06/20,0,0,1,13542.33,June,Sunday,0,1,0,80
8/06/20,0,0,1,140.86,June,Monday,0,1,0,69
9/06/20,0,0,1,80.74,June,Tuesday,0,1,0,61
10/06/20,0,0,1,1653.52,June,Wednesday,0,1,0,52
11/06/20,0,0,1,1413.54,June,Thursday,0,1,0,48
12/06/20,0,0,1,6674.51,June,Friday,0,1,0,55
13/06/20,0,0,1,2620.61,June,Saturday,0,1,0,52
14/06/20,0,0,1,3202.14,June,Sunday,0,1,0,61
15/06/20,0,0,1,8985.23,June,Monday,0,1,0,70
16/06/20,0,0,1,12759.6,June,Tuesday,0,1,0,68
17/06/20,1,0,1,3193.4,June,Wednesday,0,1,0,76
18/06/20,0,0,1,4180.98,June,Thursday,0,1,0,63
19/06/20,0,0,1,1984.88,June,Friday,0,1,0,60
20/06/20,0,0,1,9077.72,June,Saturday,0,1,0,60
21/06/20,0,0,1,1864.83,June,Sunday,0,1,0,63
22/06/20,0,0,1,8218.77,June,Monday,0,1,0,64
23/06/20,0,0,1,3004.37,June,Tuesday,0,1,0,61
24/06/20,0,0,1,606.45,June,Wednesday,0,1,0,56
25/06/20,0,0,1,5312.17,June,Thursday,0,1,0,56
26/06/20,0,0,1,272.85,June,Friday,0,1,0,52
27/06/20,0,0,1,16830.81,June,Saturday,0,1,0,85
28/06/20,0,0,1,854.22,June,Sunday,0,1,0,60
29/06/20,0,0,1,5621.14,June,Monday,0,1,0,65
30/06/20,0,0,1,3020.01,June,Tuesday,0,1,0,61
1/07/20,0,0,1,1865.08,July,Wednesday,0,1,0,51
2/07/20,0,0,1,10011.74,July,Thursday,0,1,0,60
3/07/20,0,0,1,28034.6,July,Friday,0,1,0,90
4/07/20,0,0,1,760.02,July,Saturday,0,1,0,62
5/07/20,0,0,1,8618.66,July,Sunday,0,1,0,72
6/07/20,0,0,1,16521.61,July,Monday,0,1,0,77
7/07/20,0,1,1,2929.64,July,Tuesday,0,1,0,37
8/07/20,0,0,1,17769.07,July,Wednesday,0,1,0,83
9/07/20,0,0,1,969.44,July,Thursday,0,1,0,59
10/07/20,0,0,1,23889.79,July,Friday,0,1,0,85
11/07/20,0,0,1,4190.55,July,Saturday,0,1,0,71
12/07/20,0,0,1,8516.36,July,Sunday,0,1,0,73
13/07/20,0,0,1,862.08,July,Monday,0,1,0,54
14/07/20,0,0,1,7189.94,July,Tuesday,0,1,0,60
15/07/20,0,0,1,2679.26,July,Wednesday,0,1,0,53
16/07/20,0,0,1,15120.95,July,Thursday,0,1,0,71
17/07/20,0,0,1,6339.09,July,Friday,0,1,0,64
18/07/20,0,0,1,7405.5,July,Saturday,0,1,0,64
19/07/20,0,0,1,6.13,July,Sunday,0,1,0,58
20/07/20,0,0,1,9662.84,July,Monday,0,1,0,64
21/07/20,0,0,1,8963.04,July,Tuesday,0,1,0,61
22/07/20,0,0,1,9291.97,July,Wednesday,0,1,0,65
23/07/20,0,0,1,22781.76,July,Thursday,0,1,0,85
24/07/20,0,0,1,1501.44,July,Friday,0,1,0,61
25/07/20,0,0,1,1524.45,July,Saturday,0,1,0,60
26/07/20,1,0,1,3279.75,July,Sunday,0,1,0,70
27/07/20,0,0,1,14803.51,July,Monday,0,1,0,67
28/07/20,0,0,1,3332.96,July,Tuesday,0,1,0,58
29/07/20,0,0,1,722.43,July,Wednesday,0,1,0,50
30/07/20,1,0,1,3223.68,July,Thursday,0,1,0,66
31/07/20,0,0,1,11746.7,July,Friday,0,1,0,66
1/08/20,0,0,1,12539.63,August,Saturday,0,1,0,85
2/08/20,0,0,1,7708.33,August,Sunday,0,1,0,74
3/08/20,0,0,1,30536.82,August,Monday,0,1,0,116
4/08/20,0,0,1,17920.31,August,Tuesday,0,1,0,106
5/08/20,0,0,1,5828.38,August,Wednesday,0,1,0,82
6/08/20,0,0,1,6819.24,August,Thursday,0,1,0,83
7/08/20,0,0,1,17379.71,August,Friday,0,1,0,91
8/08/20,0,0,1,2676.51,August,Saturday,0,1,0,75
9/08/20,0,0,1,8404.17,August,Sunday,0,1,0,78
10/08/20,0,0,1,4987.84,August,Monday,0,1,0,78
11/08/20,0,0,1,7361.68,August,Tuesday,0,1,0,76
12/08/20,0,0,1,25651.68,August,Wednesday,0,1,0,105
13/08/20,0,0,1,2285.43,August,Thursday,0,1,0,82
14/08/20,0,0,1,2584.03,August,Friday,0,1,0,79
15/08/20,0,0,1,5030.03,August,Saturday,0,1,0,73
16/08/20,0,0,1,8042.55,August,Sunday,0,1,0,78
17/08/20,0,0,1,13803.6,August,Monday,0,1,0,83
18/08/20,0,0,1,185.05,August,Tuesday,0,1,0,73
19/08/20,1,0,1,9317.26,August,Wednesday,0,1,0,86
20/08/20,0,0,1,18805.72,August,Thursday,0,1,0,95
21/08/20,0,0,1,9421.77,August,Friday,0,1,0,89
22/08/20,0,0,1,3121.43,August,Saturday,0,1,0,77
23/08/20,0,0,1,3944.5,August,Sunday,0,1,0,74
24/08/20,0,0,1,2416.04,August,Monday,0,1,0,73
25/08/20,0,0,1,301.35,August,Tuesday,0,1,0,60
26/08/20,0,0,1,4719.19,August,Wednesday,0,1,0,68
27/08/20,0,0,1,24054.75,August,Thursday,0,1,0,94
28/08/20,0,0,1,14037.64,August,Friday,0,1,0,93
29/08/20,0,0,1,8469.77,August,Saturday,0,1,0,85
30/08/20,0,0,1,1123.43,August,Sunday,0,1,0,66
31/08/20,0,0,1,20531.25,August,Monday,0,1,0,97
1/09/20,0,0,1,4671.79,September,Tuesday,0,1,0,82
2/09/20,0,0,1,11538.86,September,Wednesday,0,1,0,92
3/09/20,0,0,1,2270.22,September,Thursday,0,1,0,81
4/09/20,0,0,1,957.09,September,Friday,0,1,0,68
5/09/20,0,0,1,3419.87,September,Saturday,0,1,0,74
6/09/20,0,0,1,2891.39,September,Sunday,0,1,0,71
7/09/20,0,0,1,5254.49,September,Monday,0,1,0,77
8/09/20,0,0,1,3482.06,September,Tuesday,0,1,0,81
9/09/20,0,0,1,10956.11,September,Wednesday,0,1,0,85
10/09/20,0,0,1,6891.38,September,Thursday,0,1,0,84
11/09/20,0,0,1,14318.59,September,Friday,0,1,0,95
12/09/20,0,0,1,19060.61,September,Saturday,0,1,0,103
13/09/20,0,0,1,17504.53,September,Sunday,0,1,0,104
14/09/20,0,0,1,5854.28,September,Monday,0,1,0,100
15/09/20,0,0,1,4700.29,September,Tuesday,0,1,0,86
16/09/20,0,0,1,1108.04,September,Wednesday,0,1,0,73
17/09/20,0,0,1,8779.03,September,Thursday,0,1,0,84
18/09/20,0,0,1,4186.08,September,Friday,0,1,0,75
19/09/20,0,0,1,13741.74,September,Saturday,0,1,0,87
20/09/20,1,0,1,3475.39,September,Sunday,0,1,0,93
21/09/20,0,0,1,2850.34,September,Monday,0,1,0,74
22/09/20,0,0,1,8578.99,September,Tuesday,0,1,0,84
23/09/20,0,0,1,14679.63,September,Wednesday,0,1,0,93
24/09/20,0,0,1,5579.87,September,Thursday,0,1,0,84
25/09/20,0,0,1,5971.54,September,Friday,0,1,0,85
26/09/20,0,0,1,11075.38,September,Saturday,0,1,0,85
27/09/20,0,0,1,8649.77,September,Sunday,0,1,0,83
28/09/20,0,0,1,5076.51,September,Monday,0,1,0,78
29/09/20,0,0,1,12120.42,September,Tuesday,0,1,0,97
30/09/20,0,0,1,14573.3,September,Wednesday,0,1,0,98
1/10/20,0,0,1,464.12,October,Thursday,0,1,0,89
2/10/20,0,0,1,8467.35,October,Friday,0,1,0,99
3/10/20,0,0,1,1074.93,October,Saturday,0,1,0,90
4/10/20,0,0,1,8020.76,October,Sunday,0,1,0,85
5/10/20,0,0,1,12200.64,October,Monday,0,1,0,96
6/10/20,0,0,1,3291.46,October,Tuesday,0,1,0,84
7/10/20,0,0,1,10433.09,October,Wednesday,0,1,0,95
8/10/20,0,0,1,2229.36,October,Thursday,0,1,0,86
9/10/20,0,0,1,5857.21,October,Friday,0,1,0,86
10/10/20,0,0,1,1523.5,October,Saturday,0,1,0,82
11/10/20,0,0,1,8137.45,October,Sunday,0,1,0,91
12/10/20,0,0,1,11298.37,October,Monday,0,1,0,94
13/10/20,0,0,1,3700.0,October,Tuesday,0,1,0,90
14/10/20,0,0,1,76.74,October,Wednesday,0,1,0,80
15/10/20,0,0,1,2218.49,October,Thursday,0,1,0,84
16/10/20,0,0,1,3822.84,October,Friday,0,1,0,82
17/10/20,0,0,1,1338.42,October,Saturday,0,1,0,73
18/10/20,0,0,1,4692.91,October,Sunday,0,1,0,80
19/10/20,0,0,1,989.1,October,Monday,0,1,0,78
20/10/20,0,0,1,2202.33,October,Tuesday,0,1,0,79
21/10/20,0,0,1,5132.96,October,Wednesday,0,1,0,80
22/10/20,0,0,1,3371.38,October,Thursday,0,1,0,80
23/10/20,0,0,1,15438.71,October,Friday,0,1,0,98
24/10/20,0,0,1,6241.44,October,Saturday,0,1,0,90
25/10/20,0,0,1,49.97,October,Sunday,0,1,0,84
26/10/20,0,0,1,8748.84,October,Monday,0,1,0,92
27/10/20,0,0,1,0.0,October,Tuesday,0,1,0,84
28/10/20,0,0,1,16667.87,October,Wednesday,0,1,0,102
29/10/20,0,0,1,3678.04,October,Thursday,0,1,0,96
30/10/20,0,0,1,1910.45,October,Friday,0,1,0,87
31/10/20,0,0,1,5788.69,October,Saturday,0,1,0,93
1/11/20,0,0,1,4705.85,November,Sunday,0,1,0,92
2/11/20,0,0,1,15336.96,November,Monday,0,1,0,105
3/11/20,0,0,1,23268.08,November,Tuesday,0,1,0,132
4/11/20,0,0,1,4306.13,November,Wednesday,0,1,0,108
5/11/20,0,0,1,4183.94,November,Thursday,0,1,0,103
6/11/20,0,0,1,15698.82,November,Friday,0,1,0,114
7/11/20,0,0,1,1361.24,November,Saturday,0,1,0,95
8/11/20,0,0,1,3868.37,November,Sunday,0,1,0,96
9/11/20,0,0,1,141.67,November,Monday,0,1,0,93
10/11/20,0,0,1,210.81,November,Tuesday,0,1,0,89
11/11/20,0,0,1,7895.47,November,Wednesday,0,1,0,92
12/11/20,0,0,1,8315.64,November,Thursday,0,1,0,97
13/11/20,0,0,1,1854.09,November,Friday,0,1,0,93
14/11/20,0,0,1,4523.2,November,Saturday,0,1,0,91
15/11/20,0,0,1,17060.84,November,Sunday,0,1,0,111
16/11/20,0,0,1,2265.02,November,Monday,0,1,0,102
17/11/20,0,0,1,7689.66,November,Tuesday,0,1,0,99
18/11/20,1,0,1,3968.9,November,Wednesday,0,1,0,115
19/11/20,0,0,1,10129.58,November,Thursday,0,1,0,105
20/11/20,0,0,1,2954.4,November,Friday,0,1,0,100
21/11/20,0,0,1,7657.49,November,Saturday,0,1,0,99
22/11/20,0,0,1,1814.96,November,Sunday,0,1,0,98
23/11/20,0,0,1,14803.48,November,Monday,0,1,0,115
24/11/20,0,0,1,5605.71,November,Tuesday,0,1,0,99
25/11/20,0,0,1,2582.97,November,Wednesday,0,1,0,99
26/11/20,0,0,1,2238.03,November,Thursday,0,1,0,92
27/11/20,0,0,1,6378.24,November,Friday,0,1,0,99
28/11/20,1,0,1,12670.48,November,Saturday,0,1,0,115
29/11/20,0,0,1,1317.66,November,Sunday,0,1,0,98
30/11/20,0,0,1,4144.0,November,Monday,0,1,0,94
